[
  { "id": "boot",
    "name": "Bootloader",
    "tags": "tool,system",
    "type":"bootloader",
    "icon": "bootloader.png",
    "version":"0.22",
    "description": "This is needed by Bangle.js to automatically load the clock, menu, widgets and settings",
    "storage": [
      {"name":".boot0","url":"boot0.js"},
      {"name":".bootcde","url":"bootloader.js"}
    ],
    "sortorder" : -10
  },
  { "id": "moonphase",
    "name": "Moonphase",
    "icon": "app.png",
    "version":"0.02",
    "description": "Shows current moon phase. Now with GPS function.",
    "tags": "",
    "allow_emulator":true,
    "storage": [
      {"name":"moonphase.app.js","url":"app.js"},
      {"name":"moonphase.img","url":"app-icon.js","evaluate":true}
    ]
  },
  { "id": "daysl",
    "name": "Days left",
    "icon": "app.png",
    "version":"0.03",
    "description": "Shows you the days left until a certain date. Date can be set with a settings app and is written to a file.",
    "tags": "",
    "allow_emulator":false,
    "storage": [
        {"name":"daysl.app.js","url":"app.js"},
        {"name":"daysl.img","url":"app-icon.js","evaluate":true},
        {"name":"daysl.wid.js","url":"widget.js"}
    ]
  },
  { "id": "launch",
    "name": "Launcher (Default)",
    "shortName":"Launcher",
    "icon": "app.png",
    "version":"0.04",
    "description": "This is needed by Bangle.js to display a menu allowing you to choose your own applications. You can replace this with a customised launcher.",
    "tags": "tool,system,launcher",
    "type":"launch",
    "storage": [
      {"name":"launch.app.js","url":"app.js"}
    ],
    "sortorder" : -10
  },
  { "id": "about",
    "name": "About",
    "icon": "app.png",
    "version":"0.07",
    "description": "Bangle.js About page - showing software version, stats, and a collaborative mural from the Bangle.js KickStarter backers",
    "tags": "tool,system",
    "allow_emulator":true,
    "storage": [
      {"name":"about.app.js","url":"app.js"},
      {"name":"about.img","url":"app-icon.js","evaluate":true}
    ]
  },
  { "id": "locale",
    "name": "Languages",
    "icon": "locale.png",
    "version":"0.09",
    "description": "Translations for different countries",
    "tags": "tool,system,locale,translate",
    "type": "locale",
    "custom":"locale.html",
    "readme": "README.md",
    "storage": [
      {"name":"locale"}
    ],
    "sortorder" : -10
  },
  { "id": "notify",
    "name": "Notifications (default)",
    "shortName":"Notifications",
    "icon": "notify.png",
    "version":"0.07",
    "description": "A handler for displaying notifications that displays them in a bar at the top of the screen",
    "tags": "widget",
    "type": "notify",
    "readme": "README.md",
    "storage": [
      {"name":"notify","url":"notify.js"}
    ]
  },
  { "id": "notifyfs",
    "name": "Fullscreen Notifications",
    "shortName":"Notifications",
    "icon": "notify.png",
    "version":"0.07",
    "description": "A handler for displaying notifications that displays them fullscreen. This may not fully restore the screen after on some apps. See `Notifications (default)` for more information about the notifications library.",
    "tags": "widget",
    "type": "notify",
    "storage": [
      {"name":"notify","url":"notify.js"}
    ]
  },
  { "id": "welcome",
    "name": "Welcome",
    "icon": "app.png",
    "version":"0.09",
    "description": "Appears at first boot and explains how to use Bangle.js",
    "tags": "start,welcome",
    "allow_emulator":true,
    "storage": [
      {"name":"welcome.boot.js","url":"boot.js"},
      {"name":"welcome.app.js","url":"app.js"},
      {"name":"welcome.settings.js","url":"settings.js"},
      {"name":"welcome.img","url":"app-icon.js","evaluate":true}
    ],
    "data": [
      {"name":"welcome.json"}
    ]
  },
  { "id": "mywelcome",
    "name": "Customised Welcome",
    "shortName": "My Welcome",
    "icon": "app.png",
    "version":"0.11",
    "description": "Appears at first boot and explains how to use Bangle.js. Like 'Welcome', but can be customised with a greeting",
    "tags": "start,welcome",
    "custom":"custom.html",
    "storage": [
      {"name":"mywelcome.boot.js","url":"boot.js"},
      {"name":"mywelcome.app.js","url":"app.js"},
      {"name":"mywelcome.settings.js","url":"settings.js"},
      {"name":"mywelcome.img","url":"app-icon.js","evaluate":true}
    ],
    "data": [
      {"name":"mywelcome.json"}
    ]
  },
  { "id": "gbridge",
    "name": "Gadgetbridge",
    "icon": "app.png",
    "version":"0.21",
    "description": "The default notification handler for Gadgetbridge notifications from Android",
    "tags": "tool,system,android,widget",
    "readme": "README.md",
    "type":"widget",
    "dependencies": { "notify":"type" },
    "storage": [
      {"name":"gbridge.settings.js","url":"settings.js"},
      {"name":"gbridge.img","url":"app-icon.js","evaluate":true},
      {"name":"gbridge.wid.js","url":"widget.js"}
    ],
    "data": [
      {"name":"gbridge.json"}
    ]
  },
  { "id": "mclock",
    "name": "Morphing Clock",
    "icon": "clock-morphing.png",
    "version":"0.06",
    "description": "7 segment clock that morphs between minutes and hours",
    "tags": "clock",
    "type":"clock",
    "allow_emulator":true,
    "storage": [
      {"name":"mclock.app.js","url":"clock-morphing.js"},
      {"name":"mclock.img","url":"clock-morphing-icon.js","evaluate":true}
    ],
    "sortorder" : -9
  },
  { "id": "setting",
    "name": "Settings",
    "icon": "settings.png",
    "version":"0.23",
    "description": "A menu for setting up Bangle.js",
    "tags": "tool,system",
    "readme": "README.md",
    "storage": [
      {"name":"setting.app.js","url":"settings.js"},
      {"name":"setting.boot.js","url":"boot.js"},
      {"name":"setting.img","url":"settings-icon.js","evaluate":true}
    ],
    "sortorder" : -2
  },
  { "id": "alarm",
    "name": "Default Alarm",
    "shortName":"Alarms",
    "icon": "app.png",
    "version":"0.10",
    "description": "Set and respond to alarms",
    "tags": "tool,alarm,widget",
    "storage": [
      {"name":"alarm.app.js","url":"app.js"},
      {"name":"alarm.boot.js","url":"boot.js"},
      {"name":"alarm.js","url":"alarm.js"},
      {"name":"alarm.img","url":"app-icon.js","evaluate":true},
      {"name":"alarm.wid.js","url":"widget.js"}
    ],
    "data": [
      {"name":"alarm.json"}
    ]
  },
  { "id": "wclock",
    "name": "Word Clock",
    "icon": "clock-word.png",
    "version":"0.02",
    "description": "Display Time as Text",
    "tags": "clock",
    "type":"clock",
    "allow_emulator":true,
    "storage": [
      {"name":"wclock.app.js","url":"clock-word.js"},
      {"name":"wclock.img","url":"clock-word-icon.js","evaluate":true}
    ]
  },
  { "id": "slidingtext",
    "name": "Sliding Clock",
    "icon": "slidingtext.png",
    "version":"0.01",
    "description": "Inspired by the Pebble sliding clock, old times are scrolled off the screen and new times on. You are also able to change language on the fly so you can see the time written in other languages using button 1. Currently only English, French and Japanese are supported",
    "tags": "clock",
    "type":"clock",
    "allow_emulator":true,
    "storage": [
      {"name":"slidingtext.app.js","url":"slidingtext.js"},
      {"name":"slidingtext.img","url":"slidingtext-icon.js","evaluate":true}
    ]
  },
  { "id": "imgclock",
    "name": "Image background clock",
    "shortName":"Image Clock",
    "icon": "app.png",
    "version":"0.07",
    "description": "A clock with an image as a background",
    "tags": "clock",
    "type" : "clock",
    "custom": "custom.html",
    "storage": [
      {"name":"imgclock.app.js","url":"app.js"},
      {"name":"imgclock.img","url":"app-icon.js","evaluate":true},
      {"name":"imgclock.face.img"},
      {"name":"imgclock.face.json"},
      {"name":"imgclock.face.bg","content":""}
    ]
  },
  { "id": "impwclock",
    "name": "Imprecise Word Clock",
    "icon": "clock-impword.png",
    "version":"0.02",
    "description": "Imprecise word clock for vacations, weekends, and those who never need accurate time.",
    "tags": "clock",
    "type":"clock",
    "allow_emulator":true,
    "storage": [
      {"name":"impwclock.app.js","url":"clock-impword.js"},
      {"name":"impwclock.img","url":"clock-impword-icon.js","evaluate":true}
    ]
  },
  { "id": "aclock",
    "name": "Analog Clock",
    "icon": "clock-analog.png",
    "version": "0.13",
    "description": "An Analog Clock",
    "tags": "clock",
    "type":"clock",
    "allow_emulator":true,
    "storage": [
      {"name":"aclock.app.js","url":"clock-analog.js"},
      {"name":"aclock.img","url":"clock-analog-icon.js","evaluate":true}
    ]
  },
  { "id": "clock2x3",
    "name": "2x3 Pixel Clock",
    "icon": "clock2x3.png",
    "version":"0.04",
    "description": "This is a simple clock using minimalist 2x3 pixel numerical digits",
    "tags": "clock",
    "type": "clock",
    "allow_emulator":true,
    "storage": [
      {"name":"clock2x3.app.js","url":"clock2x3-app.js"},
      {"name":"clock2x3.img","url":"clock2x3-icon.js","evaluate":true}
    ]
  },
  { "id": "geissclk",
    "name": "Geiss Clock",
    "icon": "clock.png",
    "version":"0.02",
    "description": "7 segment clock with animated background in the style of Ryan Geiss' music visualisation. NOTE: The first run will take ~1 minute to do some precalculation",
    "tags": "clock",
    "type":"clock",
    "storage": [
      {"name":"geissclk.app.js","url":"clock.js"},
      {"name":"geissclk.precompute.js","url":"precompute.js"},
      {"name":"geissclk.img","url":"clock-icon.js","evaluate":true}
    ],
    "data": [
      {"name":"geissclk.0.map"},
      {"name":"geissclk.1.map"},
      {"name":"geissclk.2.map"},
      {"name":"geissclk.3.map"},
      {"name":"geissclk.4.map"},
      {"name":"geissclk.5.map"},
      {"name":"geissclk.0.pal"},
      {"name":"geissclk.1.pal"},
      {"name":"geissclk.2.pal"}
    ]
  },
  { "id": "trex",
    "name": "T-Rex",
    "icon": "trex.png",
    "version":"0.02",
    "description": "T-Rex game in the style of Chrome's offline game",
    "tags": "game",
    "allow_emulator":true,
    "storage": [
      {"name":"trex.app.js","url":"trex.js"},
      {"name":"trex.img","url":"trex-icon.js","evaluate":true}
    ]
  },
  { "id": "astroid",
    "name": "Asteroids!",
    "icon": "asteroids.png",
    "version":"0.02",
    "description": "Retro asteroids game",
    "tags": "game",
    "allow_emulator":true,
    "storage": [
      {"name":"astroid.app.js","url":"asteroids.js"},
      {"name":"astroid.img","url":"asteroids-icon.js","evaluate":true}
    ]
  },
  { "id": "clickms",
    "name": "Click Master",
    "icon": "click-master.png",
    "version":"0.01",
    "description": "Get several friends to start the game, then compete to see who can press BTN1 the most!",
    "tags": "game",
    "storage": [
      {"name":"clickms.app.js","url":"click-master.js"},
      {"name":"clickms.img","url":"click-master-icon.js","evaluate":true}
    ]
  },
  { "id": "horsey",
    "name": "Horse Race!",
    "icon": "horse-race.png",
    "version":"0.01",
    "description": "Get several friends to start the game, then compete to see who can press BTN1 the most!",
    "tags": "game",
    "storage": [
      {"name":"horsey.app.js","url":"horse-race.js"},
      {"name":"horsey.img","url":"horse-race-icon.js","evaluate":true}
    ]
  },
  { "id": "compass",
    "name": "Compass",
    "icon": "compass.png",
    "version":"0.03",
    "description": "Simple compass that points North",
    "tags": "tool,outdoors",
    "storage": [
      {"name":"compass.app.js","url":"compass.js"},
      {"name":"compass.img","url":"compass-icon.js","evaluate":true}
    ]
  },
  { "id": "gpstime",
    "name": "GPS Time",
    "icon": "gpstime.png",
    "version":"0.04",
    "description": "Update the Bangle.js's clock based on the time from the GPS receiver",
    "tags": "tool,gps",
    "storage": [
      {"name":"gpstime.app.js","url":"gpstime.js"},
      {"name":"gpstime.img","url":"gpstime-icon.js","evaluate":true}
    ]
  },
  { "id": "openloc",
    "name": "Open Location / Plus Codes",
    "shortName": "Open Location",
    "icon": "app.png",
    "version":"0.01",
    "description": "Convert your current GPS location to a series of characters",
    "tags": "tool,outdoors,gps",
    "storage": [
      {"name":"openloc.app.js","url":"app.js"},
      {"name":"openloc.img","url":"app-icon.js","evaluate":true}
    ]
  },
  { "id": "speedo",
    "name": "Speedo",
    "icon": "speedo.png",
    "version":"0.04",
    "description": "Show the current speed according to the GPS",
    "tags": "tool,outdoors,gps",
    "storage": [
      {"name":"speedo.app.js","url":"speedo.js"},
      {"name":"speedo.img","url":"speedo-icon.js","evaluate":true}
    ]
  },
  { "id": "gpsrec",
    "name": "GPS Recorder",
    "icon": "app.png",
    "version":"0.18",
    "interface": "interface.html",
    "description": "Application that allows you to record a GPS track. Can run in background",
    "tags": "tool,outdoors,gps,widget",
    "storage": [
      {"name":"gpsrec.app.js","url":"app.js"},
      {"name":"gpsrec.img","url":"app-icon.js","evaluate":true},
      {"name":"gpsrec.wid.js","url":"widget.js"},
      {"name":"gpsrec.settings.js","url":"settings.js"}
    ],
    "data": [
      {"name":"gpsrec.json"},
      {"wildcard":".gpsrc?","storageFile": true}
    ]
  },
  { "id": "gpsnav",
    "name": "GPS Navigation",
    "icon": "icon.png",
    "version":"0.05",
    "description": "Displays GPS Course and Speed, + Directions to waypoint and waypoint recording, now with waypoint editor",
    "tags": "tool,outdoors,gps",
    "readme": "README.md",
    "interface":"waypoints.html",
    "storage": [
      {"name":"gpsnav.app.js","url":"app.min.js"},
      {"name":"waypoints.json","url":"waypoints.json","evaluate":false},
      {"name":"gpsnav.img","url":"app-icon.js","evaluate":true}
    ]
  },
  { "id": "heart",
    "name": "Heart Rate Recorder",
    "icon": "app.png",
    "version":"0.02",
    "interface": "interface.html",
    "description": "Application that allows you to record your heart rate. Can run in background",
    "tags": "tool,health,widget",
    "storage": [
      {"name":"heart.app.js","url":"app.js"},
      {"name":"heart.img","url":"app-icon.js","evaluate":true},
      {"name":"heart.wid.js","url":"widget.js"}
    ],
    "data": [
      {"name":"heart.json"},
      {"wildcard":".heart?","storageFile": true}
    ]
  },
  { "id": "slevel",
    "name": "Spirit Level",
    "icon": "spiritlevel.png",
    "version":"0.01",
    "description": "Show the current angle of the watch, so you can use it to make sure something is absolutely flat",
    "tags": "tool",
    "storage": [
      {"name":"slevel.app.js","url":"spiritlevel.js"},
      {"name":"slevel.img","url":"spiritlevel-icon.js","evaluate":true}
    ]
  },
  { "id": "files",
    "name": "App Manager",
    "icon": "files.png",
    "version":"0.06",
    "description": "Show currently installed apps, free space, and allow their deletion from the watch",
    "tags": "tool,system,files",
    "storage": [
      {"name":"files.app.js","url":"files.js"},
      {"name":"files.img","url":"files-icon.js","evaluate":true}
    ]
  },
  { "id": "weather",
    "name": "Weather",
    "icon": "icon.png",
    "version":"0.03",
    "description": "Show Gadgetbridge weather report",
    "readme": "readme.md",
    "tags": "widget,outdoors",
    "storage": [
      {"name":"weather.app.js","url":"app.js"},
      {"name":"weather.wid.js","url":"widget.js"},
      {"name":"weather","url":"lib.js"},
      {"name":"weather.img","url":"icon.js","evaluate":true},
      {"name":"weather.settings.js","url":"settings.js"}
    ],
    "data": [
      {"name": "weather.json"}
    ]
  },
  { "id": "chargeanim",
    "name": "Charge Animation",
    "icon": "icon.png",
    "version":"0.01",
    "description": "When charging, show a sideways charging animation and keep the screen on. When removed from the charger load the clock again.",
    "tags": "battery",
    "allow_emulator":true,
    "storage": [
      {"name":"chargeanim.app.js","url":"app.js"},
      {"name":"chargeanim.boot.js","url":"boot.js"},
      {"name":"chargeanim.img","url":"app-icon.js","evaluate":true}
    ]
  },
  { "id": "bluetoothdock",
    "name": "Bluetooth Dock",
    "shortName":"Dock",
    "icon": "app.png",
    "version":"0.01",
    "description": "When charging shows the time, scans Bluetooth for known devices (eg temperature) and shows them on the screen",
    "tags": "bluetooth",
    "readme": "README.md",
    "storage": [
      {"name":"bluetoothdock.app.js","url":"app.js"},
      {"name":"bluetoothdock.boot.js","url":"boot.js"},
      {"name":"bluetoothdock.img","url":"app-icon.js","evaluate":true}
    ]
  },
  { "id": "widbat",
    "name": "Battery Level Widget",
    "icon": "widget.png",
    "version":"0.05",
    "description": "Show the current battery level and charging status in the top right of the clock",
    "tags": "widget,battery",
    "type":"widget",
    "storage": [
      {"name":"widbat.wid.js","url":"widget.js"}
    ]
  },
  { "id": "widbatpc",
    "name": "Battery Level Widget (with percentage)",
    "shortName": "Battery Widget",
    "icon": "widget.png",
    "version":"0.11",
    "description": "Show the current battery level and charging status in the top right of the clock, with charge percentage",
    "tags": "widget,battery",
    "type":"widget",
    "storage": [
      {"name":"widbatpc.wid.js","url":"widget.js"},
      {"name":"widbatpc.settings.js","url":"settings.js"}
    ],
    "data": [
      {"name":"widbatpc.json"}
    ]
  },
  { "id": "widbatwarn",
    "name": "Battery Warning",
    "shortName": "Battery Warning",
    "icon": "widget.png",
    "readme": "README.md",
    "version":"0.01",
    "description": "Show a warning when the battery runs low.",
    "tags": "tool,battery",
    "type":"widget",
    "dependencies": { "notify":"type" },
    "storage": [
      {"name":"widbatwarn.wid.js","url":"widget.js"},
      {"name":"widbatwarn.settings.js","url":"settings.js"}
    ],
    "data": [
      {"name":"widbatwarn.json"}
    ]
  },
  { "id": "widbt",
    "name": "Bluetooth Widget",
    "icon": "widget.png",
    "version":"0.04",
    "description": "Show the current Bluetooth connection status in the top right of the clock",
    "tags": "widget,bluetooth",
    "type":"widget",
    "storage": [
      {"name":"widbt.wid.js","url":"widget.js"}
    ]
  },
  { "id": "widram",
    "name": "RAM Widget",
    "shortName":"RAM Widget",
    "icon": "widget.png",
    "version":"0.01",
    "description": "Display your Bangle's available RAM percentage in a widget",
    "tags": "widget",
    "type": "widget",
    "storage": [
      {"name":"widram.wid.js","url":"widget.js"}
    ]
  },
  { "id": "hrm",
    "name": "Heart Rate Monitor",
    "icon": "heartrate.png",
    "version":"0.03",
    "description": "Measure your heart rate and see live sensor data",
    "tags": "health",
    "storage": [
      {"name":"hrm.app.js","url":"heartrate.js"},
      {"name":"hrm.img","url":"heartrate-icon.js","evaluate":true}
    ]
  },
  { "id": "widhrm",
    "name": "Simple Heart Rate widget",
    "icon": "widget.png",
    "version":"0.03",
    "description": "When the screen is on, the widget turns on the heart rate monitor and displays the current heart rate (or last known in grey). For this to work well you'll need at least a 15 second LCD Timeout.",
    "tags": "health,widget",
    "type": "widget",
    "storage": [
      {"name":"widhrm.wid.js","url":"widget.js"}
    ]
  },
  { "id": "stetho",
    "name": "Stethoscope",
    "icon": "stetho.png",
    "version":"0.01",
    "description": "Hear your heart rate",
    "tags": "health",
    "storage": [
      {"name":"stetho.app.js","url":"stetho.js"},
      {"name":"stetho.img","url":"stetho-icon.js","evaluate":true}
    ]
  },
  { "id": "swatch",
    "name": "Stopwatch",
    "icon": "stopwatch.png",
    "version":"0.07",
    "interface": "interface.html",
    "description": "Simple stopwatch with Lap Time logging to a JSON file",
    "tags": "health",
    "allow_emulator":true,
    "readme": "README.md",
    "storage": [
      {"name":"swatch.app.js","url":"stopwatch.js"},
      {"name":"swatch.img","url":"stopwatch-icon.js","evaluate":true}
    ]
  },
  { "id": "hidmsic",
    "name": "Bluetooth Music Controls",
    "shortName": "Music Control",
    "icon": "hid-music.png",
    "version":"0.02",
    "description": "Enable HID in settings, pair with your phone, then use this app to control music from your watch!",
    "tags": "bluetooth",
    "storage": [
      {"name":"hidmsic.app.js","url":"hid-music.js"},
      {"name":"hidmsic.img","url":"hid-music-icon.js","evaluate":true}
    ]
  },
  { "id": "hidkbd",
    "name": "Bluetooth Keyboard",
    "shortName": "Bluetooth Kbd",
    "icon": "hid-keyboard.png",
    "version":"0.02",
    "description": "Enable HID in settings, pair with your phone/PC, then use this app to control other apps",
    "tags": "bluetooth",
    "storage": [
      {"name":"hidkbd.app.js","url":"hid-keyboard.js"},
      {"name":"hidkbd.img","url":"hid-keyboard-icon.js","evaluate":true}
    ]
  },
  { "id": "hidbkbd",
    "name": "Binary Bluetooth Keyboard",
    "shortName": "Binary BT Kbd",
    "icon": "hid-binary-keyboard.png",
    "version":"0.02",
    "description": "Enable HID in settings, pair with your phone/PC, then type messages using the onscreen keyboard by tapping repeatedly on the key you want",
    "tags": "bluetooth",
    "storage": [
      {"name":"hidbkbd.app.js","url":"hid-binary-keyboard.js"},
      {"name":"hidbkbd.img","url":"hid-binary-keyboard-icon.js","evaluate":true}
    ]
  },
  { "id": "animals",
    "name": "Animals Game",
    "icon": "animals.png",
    "version":"0.01",
    "description": "Simple toddler's game - displays a different number of animals each time the screen is pressed",
    "tags": "game",
    "storage": [
      {"name":"animals.app.js","url":"animals.js"},
      {"name":"animals.img","url":"animals-icon.js","evaluate":true},
      {"name":"animals-snake.img","url":"animals-snake.js","evaluate":true},
      {"name":"animals-duck.img","url":"animals-duck.js","evaluate":true},
      {"name":"animals-swan.img","url":"animals-swan.js","evaluate":true},
      {"name":"animals-fox.img","url":"animals-fox.js","evaluate":true},
      {"name":"animals-camel.img","url":"animals-camel.js","evaluate":true},
      {"name":"animals-pig.img","url":"animals-pig.js","evaluate":true},
      {"name":"animals-sheep.img","url":"animals-sheep.js","evaluate":true},
      {"name":"animals-mouse.img","url":"animals-mouse.js","evaluate":true}
    ]
  },
  { "id": "qrcode",
    "name": "Custom QR Code",
    "icon": "app.png",
    "version":"0.02",
    "description": "Use this to upload a customised QR code to Bangle.js",
    "tags": "qrcode",
    "custom": "custom.html",
    "storage": [
      {"name":"qrcode.app.js"},
      {"name":"qrcode.img","url":"app-icon.js","evaluate":true}
    ]
  },
  { "id": "beer",
    "name": "Beer Compass",
    "icon": "app.png",
    "version":"0.01",
    "description": "Uploads all the pubs in an area onto your watch, so it can always point you at the nearest one",
    "tags": "",
    "custom": "custom.html",
    "storage": [
      {"name":"beer.app.js"},
      {"name":"beer.img","url":"app-icon.js","evaluate":true}
    ]
  },
  { "id": "route",
    "name": "Route Viewer",
    "icon": "app.png",
    "version":"0.01",
    "description": "Upload a KML file of a route, and have your watch display a map with how far around it you are",
    "tags": "",
    "custom": "custom.html",
    "storage": [
      {"name":"route.app.js"},
      {"name":"route.img","url":"app-icon.js","evaluate":true}
    ]
  },
  {
    "id": "ncstart",
    "name": "NCEU Startup",
    "icon": "start.png",
    "version":"0.06",
    "description": "NodeConfEU 2019 'First Start' Sequence",
    "tags": "start,welcome",
    "storage": [
      {"name":"ncstart.app.js","url":"start.js"},
      {"name":"ncstart.boot.js","url":"boot.js"},
      {"name":"ncstart.settings.js","url":"settings.js"},
      {"name":"ncstart.img","url":"start-icon.js","evaluate":true},
      {"name":"nc-bangle.img","url":"start-bangle.js","evaluate":true},
      {"name":"nc-nceu.img","url":"start-nceu.js","evaluate":true},
      {"name":"nc-nfr.img","url":"start-nfr.js","evaluate":true},
      {"name":"nc-nodew.img","url":"start-nodew.js","evaluate":true},
      {"name":"nc-tf.img","url":"start-tf.js","evaluate":true}
    ],
    "data": [
      {"name":"ncstart.json"}
    ]
  },
  { "id": "ncfrun",
    "name": "NCEU 5K Fun Run",
    "icon": "nceu-funrun.png",
    "version":"0.01",
    "description": "Display a map of the NodeConf EU 2019 5K Fun Run route and your location on it",
    "tags": "health",
    "storage": [
      {"name":"ncfrun.app.js","url":"nceu-funrun.js"},
      {"name":"ncfrun.img","url":"nceu-funrun-icon.js","evaluate":true}
    ]
  },
  { "id": "widnceu",
    "name": "NCEU Logo Widget",
    "icon": "widget.png",
    "version":"0.02",
    "description": "Show the NodeConf EU logo in the top left",
    "tags": "widget",
    "type":"widget",
    "storage": [
      {"name":"widnceu.wid.js","url":"widget.js"}
    ]
  },
  { "id": "sclock",
    "name": "Simple Clock",
    "icon": "clock-simple.png",
    "version":"0.04",
    "description": "A Simple Digital Clock",
    "tags": "clock",
    "type":"clock",
    "allow_emulator":true,
    "storage": [
      {"name":"sclock.app.js","url":"clock-simple.js"},
      {"name":"sclock.img","url":"clock-simple-icon.js","evaluate":true}
    ]
  },
  { "id": "vibrclock",
    "name": "Vibrate Clock",
    "icon": "app.png",
    "version":"0.01",
    "description": "When BTN1 is pressed, vibrate out the time as a series of buzzes, one digit at a time. Hours, then Minutes. Zero is signified by one long buzz. Otherwise a simple digital clock.",
    "tags": "clock",
    "type":"clock",
    "allow_emulator":true,
    "storage": [
      {"name":"vibrclock.app.js","url":"app.js"},
      {"name":"vibrclock.img","url":"app-icon.js","evaluate":true}
    ]
  },
  { "id": "svclock",
    "name": "Simple V-Clock",
    "icon": "vclock-simple.png",
    "version":"0.01",
    "description": "Modification of Simple Clock 0.04 to use Vectorfont",
    "tags": "clock",
    "type":"clock",
    "allow_emulator":true,
    "storage": [
      {"name":"svclock.app.js","url":"vclock-simple.js"},
      {"name":"svclock.img","url":"vclock-simple-icon.js","evaluate":true}
    ]
  },
  { "id": "dclock",
    "name": "Dev Clock",
    "icon": "clock-dev.png",
    "version":"0.09",
    "description": "A Digital Clock including timestamp (tst), beats(@), days in current month (dm) and days since new moon (l)",
    "tags": "clock",
    "type":"clock",
    "allow_emulator":true,
    "storage": [
      {"name":"dclock.app.js","url":"clock-dev.js"},
      {"name":"dclock.img","url":"clock-dev-icon.js","evaluate":true}
    ]
  },
  { "id": "gesture",
    "name": "Gesture Test",
    "icon": "gesture.png",
    "version":"0.01",
    "description": "BETA! Uploads a basic Tensorflow Gesture model, and then outputs each gesture as a message",
    "tags": "gesture,ai",
    "type":"app",
    "storage": [
      {"name":"gesture.app.js","url":"gesture.js"},
      {"name":".tfnames","url":"gesture-tfnames.js","evaluate":true},
      {"name":".tfmodel","url":"gesture-tfmodel.js","evaluate":true},
      {"name":"gesture.img","url":"gesture-icon.js","evaluate":true}
    ]
  },
  { "id": "pparrot",
    "name": "Party Parrot",
    "icon": "party-parrot.png",
    "version":"0.01",
    "description": "Party with a parrot on your wrist",
    "tags": "party,parrot,lol",
    "type":"app",
    "allow_emulator":true,
    "storage": [
      {"name":"pparrot.app.js","url":"party-parrot.js"},
      {"name":"pparrot.img","url":"party-parrot-icon.js","evaluate":true}
    ]
  },
  { "id": "hrings",
    "name": "Hypno Rings",
    "icon": "hypno-rings.png",
    "version":"0.01",
    "description": "Experiment with trippy rings, press buttons for change",
    "tags": "rings,hypnosis,psychadelic",
    "type":"app",
    "allow_emulator":true,
    "storage": [
      {"name":"hrings.app.js","url":"hypno-rings.js"},
      {"name":"hrings.img","url":"hypno-rings-icon.js","evaluate":true}
    ]
  },
  { "id": "morse",
    "name": "Morse Code",
    "icon": "morse-code.png",
    "version":"0.01",
    "description": "Learn morse code by hearing/seeing/feeling the code. Tap to toggle buzz!",
    "tags": "morse,sound,visual,input",
    "type":"app",
    "storage": [
      {"name":"morse.app.js","url":"morse-code.js"},
      {"name":"morse.img","url":"morse-code-icon.js","evaluate":true}
    ]
  },
  {
    "id": "blescan",
    "name": "BLE Scanner",
    "icon": "blescan.png",
    "version":"0.01",
    "description": "Scan for advertising BLE devices",
    "tags" : "bluetooth",
    "storage" : [
      {"name":"blescan.app.js","url":"blescan.js"},
      {"name":"blescan.img","url":"blescan-icon.js", "evaluate":true}
    ]
  },
  { "id": "mmonday",
  "name": "Manic Monday Tone",
  "icon": "manic-monday-icon.png",
  "version":"0.02",
  "description": "The Bangles make a comeback",
  "tags": "sound",
  "storage": [
    {"name":"mmonday.app.js","url":"manic-monday.js"},
    {"name":"mmonday.img","url":"manic-monday-icon.js","evaluate":true}
  ]
  },
  { "id": "jbells",
    "name": "Jingle Bells",
    "icon": "jbells.png",
    "version":"0.01",
    "description": "Play Jingle Bells",
    "tags": "sound",
    "type":"app",
    "storage": [
      {"name":"jbells.app.js","url":"jbells.js"},
      {"name":"jbells.img","url":"jbells-icon.js","evaluate":true}
    ]
  },
  { "id": "scolor",
    "name": "Show Color",
    "icon": "show-color.png",
    "version":"0.01",
    "description": "Display all available Colors and Names",
    "tags": "tool",
    "type":"app",
    "allow_emulator":true,
    "storage": [
      {"name":"scolor.app.js","url":"show-color.js"},
      {"name":"scolor.img","url":"show-color-icon.js","evaluate":true}
    ]
  },
  { "id": "miclock",
    "name": "Mixed Clock",
    "icon": "clock-mixed.png",
    "version":"0.04",
    "description": "A mix of analog and digital Clock",
    "tags": "clock",
    "type":"clock",
    "allow_emulator":true,
    "storage": [
      {"name":"miclock.app.js","url":"clock-mixed.js"},
      {"name":"miclock.img","url":"clock-mixed-icon.js","evaluate":true}
    ]
  },
  { "id": "bclock",
    "name": "Binary Clock",
    "icon": "clock-binary.png",
    "version":"0.02",
    "description": "A simple binary clock watch face",
    "tags": "clock",
    "type":"clock",
    "allow_emulator":true,
    "storage": [
      {"name":"bclock.app.js","url":"clock-binary.js"},
      {"name":"bclock.img","url":"clock-binary-icon.js","evaluate":true}
    ]
  },
  { "id": "clotris",
    "name": "Clock-Tris",
    "icon": "clock-tris.png",
    "version":"0.01",
    "description": "A fully functional clone of a classic game of falling blocks",
    "tags": "game",
    "allow_emulator":true,
    "storage": [
      {"name":"clotris.app.js","url":"clock-tris.js"},
      {"name":"clotris.img","url":"clock-tris-icon.js","evaluate":true},
      {"name":".trishig","url":"clock-tris-high"}
    ]
  },
  { "id": "flappy",
    "name": "Flappy Bird",
    "icon": "app.png",
    "version":"0.04",
    "description": "A Flappy Bird game clone",
    "tags": "game",
    "allow_emulator":true,
    "storage": [
      {"name":"flappy.app.js","url":"app.js"},
      {"name":"flappy.img","url":"app-icon.js","evaluate":true}
    ]
  },
  {
    "id": "gpsinfo",
    "name": "GPS Info",
    "icon": "gps-info.png",
    "version":"0.04",
    "description": "An application that displays information about altitude, lat/lon, satellites and time",
    "tags": "gps",
    "type": "app",
    "storage": [
      {"name":"gpsinfo.app.js","url": "gps-info.js"},
      {"name":"gpsinfo.img","url": "gps-info-icon.js","evaluate": true}
    ]
  },
  { "id": "assistedgps",
    "name": "Assisted GPS Update (AGPS)",
    "icon": "app.png",
    "version":"0.01",
    "description": "Downloads assisted GPS (AGPS) data to Bangle.js for faster GPS startup and more accurate fixes. **No app will be installed**, this just uploads new data to the GPS chip.",
    "custom": "custom.html",
    "tags": "tool,outdoors,agps",
    "type": "RAM",
    "storage": [ ]
  },
  {
    "id": "pomodo",
    "name":"Pomodoro",
    "icon":"pomodoro.png",
    "version":"0.01",
    "description": "A simple pomodoro timer.",
    "tags": "pomodoro,cooking,tools",
    "type": "app",
    "allow_emulator":true,
    "storage": [
      {"name":"pomodo.app.js","url": "pomodoro.js"},
      {"name":"pomodo.img","url": "pomodoro-icon.js","evaluate": true}
    ]
  },
  { "id": "blobclk",
    "name": "Large Digit Blob Clock",
    "shortName" : "Blob Clock",
    "icon": "clock-blob.png",
    "version":"0.05",
    "description": "A clock with big digits",
    "tags": "clock",
    "type":"clock",
    "allow_emulator":true,
    "storage": [
      {"name":"blobclk.app.js","url":"clock-blob.js"},
      {"name":"blobclk.img","url":"clock-blob-icon.js","evaluate":true}
    ]
  },
  { "id": "boldclk",
    "name": "Bold Clock",
    "icon": "bold_clock.png",
    "version":"0.03",
    "description": "Simple, readable and practical clock",
    "tags": "clock",
    "type":"clock",
    "allow_emulator":true,
    "storage": [
      {"name":"boldclk.app.js","url":"bold_clock.js"},
      {"name":"boldclk.img","url":"bold_clock-icon.js","evaluate":true}
    ]
  },
  { "id": "widclk",
    "name": "Digital clock widget",
    "icon": "widget.png",
    "version":"0.04",
    "description": "A simple digital clock widget",
    "tags": "widget,clock",
    "type":"widget",
    "storage": [
      {"name":"widclk.wid.js","url":"widget.js"}
    ]
  },
  { "id": "widpedom",
    "name": "Pedometer widget",
    "icon": "widget.png",
    "version":"0.11",
    "description": "Daily pedometer widget",
    "tags": "widget",
    "type":"widget",
    "storage": [
      {"name":"widpedom.wid.js","url":"widget.js"},
      {"name":"widpedom.settings.js","url":"settings.js"}
    ]
  },
  { "id": "berlinc",
    "name": "Berlin Clock",
    "icon": "berlin-clock.png",
    "version":"0.03",
    "description": "Berlin Clock (see https://en.wikipedia.org/wiki/Mengenlehreuhr)",
    "tags": "clock",
    "type":"clock",
    "allow_emulator":true,
    "storage": [
      {"name":"berlinc.app.js","url":"berlin-clock.js"},
      {"name":"berlinc.img","url":"berlin-clock-icon.js","evaluate":true}
    ]
  },
  { "id": "ctrclk",
    "name": "Centerclock",
    "icon": "app.png",
    "version":"0.02",
    "description": "Watch-centered digital 24h clock with date in dd.mm.yyyy format.",
    "tags": "clock",
    "type":"clock",
    "allow_emulator":true,
    "storage": [
      {"name":"ctrclk.app.js","url":"app.js"},
      {"name":"ctrclk.img","url":"app-icon.js","evaluate":true}
    ]
  },
  { "id": "demoapp",
    "name": "Demo Loop",
    "icon": "app.png",
    "version":"0.01",
    "description": "Simple demo app - displays Bangle.js, JS logo, graphics, and Bangle.js information",
    "tags": "",
    "type":"app",
    "allow_emulator":true,
    "storage": [
      {"name":"demoapp.app.js","url":"app.js"},
      {"name":"demoapp.img","url":"app-icon.js","evaluate":true}
    ],
    "sortorder" : -9
  },
  { "id": "flagrse",
    "name": "Espruino Flag Raiser",
    "icon": "app.png",
    "version":"0.01",
    "readme": "README.md",
    "description": "App to send a command to another Espruino to cause it to raise a flag",
    "tags": "",
    "storage": [
      {"name":"flagrse.app.js","url":"app.js"},
      {"name":"flagrse.img","url":"app-icon.js","evaluate":true}
    ]
  },
  {
    "id": "pipboy",
    "name": "Pipboy",
    "icon": "app.png",
    "version": "0.03",
    "description": "Pipboy themed clock",
    "tags": "clock",
    "type":"clock",
    "allow_emulator":true,
    "storage": [
      {"name":"pipboy.app.js","url":"app.js"},
      {"name":"pipboy.img","url":"app-icon.js","evaluate":true}
    ]
  },
  { "id": "torch",
    "name": "Torch",
    "shortName":"Torch",
    "icon": "app.png",
    "version":"0.02",
    "description": "Turns screen white to help you see in the dark. Select from the launcher or press BTN1,BTN3,BTN1,BTN3 quickly to start when in any app that shows widgets",
    "tags": "tool,torch",
    "storage": [
      {"name":"torch.app.js","url":"app.js"},
      {"name":"torch.wid.js","url":"widget.js"},
      {"name":"torch.img","url":"app-icon.js","evaluate":true}
    ]
  },
  { "id": "wohrm",
    "name": "Workout HRM",
    "icon": "app.png",
    "version":"0.07",
    "readme": "README.md",
    "description": "Workout heart rate monitor notifies you with a buzz if your heart rate goes above or below the set limits.",
    "tags": "hrm,workout",
    "type": "app",
    "allow_emulator":true,
    "storage": [
      {"name":"wohrm.app.js","url":"app.js"},
      {"name":"wohrm.img","url":"app-icon.js","evaluate":true}
    ]
  },
  { "id": "widid",
    "name": "Bluetooth ID Widget",
    "icon": "widget.png",
    "version":"0.02",
    "description": "Display the last two tuple of your Bangle.js MAC address in the widget section. This is useful for figuring out which Bangle.js to connect to if you have more than one Bangle.js!",
    "tags": "widget,address,mac",
    "type":"widget",
    "storage": [
      {"name":"widid.wid.js","url":"widget.js"}
    ]
  },
  {
    "id": "grocery",
    "name": "Grocery",
    "icon": "grocery.png",
    "version":"0.01",
    "description": "Simple grocery (shopping) list - Display a list of product and track if you already put them in your cart.",
    "tags": "tool,outdoors,shopping,list",
    "type": "app",
    "custom":"grocery.html",
    "storage": [
      {"name":"grocery"},
      {"name":"grocery.app.js"},
      {"name":"grocery.img","url":"grocery-icon.js","evaluate":true}
    ]
  },
  { "id": "marioclock",
    "name": "Mario Clock",
    "icon": "marioclock.png",
    "version":"0.14",
    "description": "Animated retro Mario clock, with Gameboy style 8-bit grey-scale graphics.",
    "tags": "clock,mario,retro",
    "type": "clock",
    "allow_emulator":false,
    "readme": "README.md",
    "storage": [
      {"name":"marioclock.app.js","url":"marioclock-app.js"},
      {"name":"marioclock.img","url":"marioclock-icon.js","evaluate":true}
    ]
  },
  { "id": "cliock",
    "name": "Commandline-Clock",
    "shortName":"CLI-Clock",
    "icon": "app.png",
    "version":"0.11",
    "description": "Simple CLI-Styled Clock",
    "tags": "clock,cli,command,bash,shell",
    "type":"clock",
    "allow_emulator":true,
    "storage": [
      {"name":"cliock.app.js","url":"app.js"},
      {"name":"cliock.img","url":"app-icon.js","evaluate":true}
    ]
  },
  { "id": "widver",
    "name": "Firmware Version Widget",
    "icon": "widget.png",
    "version":"0.01",
    "description": "Display the version of the installed firmware in the top widget section.",
    "tags": "widget,tool,system",
    "type":"widget",
    "storage": [
      {"name":"widver.wid.js","url":"widget.js"}
    ]
  },
  { "id": "barclock",
    "name": "Bar Clock",
    "icon": "clock-bar.png",
    "version":"0.05",
    "description": "A simple digital clock showing seconds as a bar",
    "tags": "clock",
    "type":"clock",
    "allow_emulator":true,
    "storage": [
      {"name":"barclock.app.js","url":"clock-bar.js"},
      {"name":"barclock.img","url":"clock-bar-icon.js","evaluate":true}
    ]
  },
  { "id": "dotclock",
    "name": "Dot Clock",
    "icon": "clock-dot.png",
    "version":"0.01",
    "description": "A Minimal Dot Analog Clock",
    "tags": "clock",
    "type":"clock",
    "allow_emulator":true,
    "storage": [
      {"name":"dotclock.app.js","url":"clock-dot.js"},
      {"name":"dotclock.img","url":"clock-dot-icon.js","evaluate":true}
    ]
  },
  { "id": "widtbat",
    "name": "Tiny Battery Widget",
    "icon": "widget.png",
    "version":"0.01",
    "description": "Tiny blueish battery widget, vibs and changes level color when charging",
    "tags": "widget,tool,system",
    "type":"widget",
    "storage": [
      {"name":"widtbat.wid.js","url":"widget.js"}
    ]
  },
  { "id": "chrono",
    "name": "Chrono",
    "shortName":"Chrono",
    "icon": "chrono.png",
    "version":"0.01",
    "description": "Single click BTN1 to add 5 minutes. Single click BTN2 to add 30 seconds. Single click BTN3 to add 5 seconds. Tap to pause or play to timer. Double click BTN1 to reset. When timer finishes the watch vibrates.",
    "tags": "Tools",
    "storage": [
      {"name":"chrono.app.js","url":"chrono.js"},
      {"name":"chrono.img","url":"chrono-icon.js","evaluate":true}
    ]
  },
  { "id": "astrocalc",
    "name": "Astrocalc",
    "icon": "astrocalc.png",
    "version":"0.02",
    "description": "Calculates interesting information on the sun and moon cycles for the current day based on your location.",
    "tags": "app,sun,moon,cycles,tool,outdoors",
    "allow_emulator":true,
    "storage": [
      {"name":"astrocalc.app.js","url":"astrocalc-app.js"},
      {"name":"suncalc.js","url":"suncalc.js"},
      {"name":"astrocalc.img","url":"astrocalc-icon.js","evaluate":true},
      {"name":"first-quarter.img","url":"first-quarter-icon.js","evaluate":true},
      {"name":"last-quarter.img","url":"last-quarter-icon.js","evaluate":true},
      {"name":"waning-crescent.img","url":"waning-crescent-icon.js","evaluate":true},
      {"name":"waning-gibbous.img","url":"waning-gibbous-icon.js","evaluate":true},
      {"name":"full.img","url":"full-icon.js","evaluate":true},
      {"name":"new.img","url":"new-icon.js","evaluate":true},
      {"name":"waxing-gibbous.img","url":"waxing-gibbous-icon.js","evaluate":true},
      {"name":"waxing-crescent.img","url":"waxing-crescent-icon.js","evaluate":true}
    ]
  },
  { "id": "widhwt",
    "name": "Hand Wash Timer",
    "icon": "widget.png",
    "version":"0.01",
    "description": "Swipe your wrist over the watch face to start your personal Bangle.js hand wash timer for 35 sec. Start washing after the short buzz and stop after the long buzz.",
    "tags": "widget,tool",
    "type":"widget",
    "storage": [
      {"name":"widhwt.wid.js","url":"widget.js"}
    ]
  },
  { "id": "toucher",
    "name": "Touch Launcher",
    "shortName":"Toucher",
    "icon": "app.png",
    "version":"0.06",
    "description": "Touch enable left to right launcher.",
    "tags": "tool,system,launcher",
    "type":"launch",
    "data": [
      {"name":"toucher.json"}
    ],
    "storage": [
      {"name":"toucher.app.js","url":"app.js"},
      {"name":"toucher.settings.js","url":"settings.js"}
    ],
    "sortorder" : -10
  },
  {
    "id": "balltastic",
    "name": "Balltastic",
    "icon": "app.png",
    "version": "0.01",
    "description": "Simple but fun ball eats dots game.",
    "tags": "game,fun",
    "type": "app",
    "storage": [
        {"name":"balltastic.app.js","url":"app.js"},
        {"name":"balltastic.img","url":"app-icon.js","evaluate":true}
      ]
  },
  {
    "id": "rpgdice",
    "name": "RPG dice",
    "icon": "rpgdice.png",
    "version": "0.02",
    "description": "Simple RPG dice rolling app.",
    "tags": "game,fun",
    "type": "app",
    "allow_emulator": true,
    "storage": [
      {"name":"rpgdice.app.js","url": "app.js"},
      {"name":"rpgdice.img","url": "app-icon.js","evaluate":true}
    ]
  },
  { "id": "widmp",
    "name": "Moon Phase Widget",
    "icon": "widget.png",
    "version":"0.01",
    "description": "Display the current moon phase in blueish for the northern hemisphere in eight phases",
    "tags": "widget,tools",
    "type":"widget",
    "storage": [
      {"name":"widmp.wid.js","url":"widget.js"}
    ]
  },
  { "id": "minionclk",
    "name": "Minion clock",
    "icon": "minionclk.png",
    "version": "0.04",
    "description": "Minion themed clock.",
    "tags": "clock,minion",
    "type": "clock",
    "allow_emulator": true,
    "storage": [
      {"name":"minionclk.app.js","url":"app.js"},
      {"name":"minionclk.img","url":"app-icon.js","evaluate":true}
    ]
  },
  { "id": "openstmap",
    "name": "OpenStreetMap",
    "shortName":"OpenStMap",
    "icon": "app.png",
    "version":"0.05",
    "description": "[BETA] Loads map tiles from OpenStreetMap onto your Bangle.js and displays a map of where you are",
    "tags": "outdoors,gps",
    "custom": "custom.html",
    "storage": [
      {"name":"openstmap","url":"openstmap.js"},
      {"name":"openstmap.app.js","url":"app.js"},
      {"name":"openstmap.img","url":"app-icon.js","evaluate":true}
    ]
  },
  { "id": "activepedom",
    "name": "Active Pedometer",
    "shortName":"Active Pedometer",
    "icon": "app.png",
    "version":"0.09",
    "description": "Pedometer that filters out arm movement and displays a step goal progress. Steps are saved to a daily file and can be viewed as graph.",
    "tags": "outdoors,widget",
     "readme": "README.md",
    "storage": [
      {"name":"activepedom.wid.js","url":"widget.js"},
      {"name":"activepedom.settings.js","url":"settings.js"},
      {"name":"activepedom.img","url":"app-icon.js","evaluate":true},
      {"name":"activepedom.app.js","url":"app.js"}
    ]
  },
  { "id": "chronowid",
    "name": "Chrono Widget",
    "shortName":"Chrono Widget",
    "icon": "app.png",
    "version":"0.03",
    "description": "Chronometer (timer) which runs as widget.",
    "tags": "tools,widget",
     "readme": "README.md",
    "storage": [
      {"name":"chronowid.wid.js","url":"widget.js"},
      {"name":"chronowid.app.js","url":"app.js"},
      {"name":"chronowid.img","url":"app-icon.js","evaluate":true}
    ]
  },
  { "id": "tabata",
    "name": "Tabata",
    "shortName": "Tabata - Control High-Intensity Interval Training",
    "icon": "tabata.png",
    "version":"0.01",
    "description": "Control high-intensity interval training (according to tabata: https://en.wikipedia.org/wiki/Tabata_method).",
    "tags": "workout,health",
    "storage": [
      {"name":"tabata.app.js","url":"tabata.js"},
      {"name":"tabata.img","url":"tabata-icon.js","evaluate":true}
    ]
  },
  { "id": "custom",
    "name": "Custom Boot Code ",
    "icon": "custom.png",
    "version":"0.01",
    "description": "Add code you want to run at boot time",
    "tags": "tool,system",
    "type": "bootloader",
    "custom":"custom.html",
    "storage": [
       {"name":"custom"}
    ]
  },
  { "id": "devstopwatch",
  "name": "Dev Stopwatch",
  "shortName":"Dev Stopwatch",
  "icon": "app.png",
  "version":"0.02",
  "description": "Stopwatch with 5 laps supported (cyclically replaced)",
  "tags": "stopwatch, chrono, timer, chronometer",
  "allow_emulator":true,
  "storage": [
    {"name":"devstopwatch.app.js","url":"app.js"},
    {"name":"devstopwatch.img","url":"app-icon.js","evaluate":true}
  ]
  },
  { "id": "batchart",
    "name": "Battery Chart",
    "shortName":"Battery Chart",
    "icon": "app.png",
    "version":"0.10",
    "readme": "README.md",
    "description": "A widget and an app for recording and visualizing battery percentage over time.",
    "tags": "app,widget,battery,time,record,chart,tool",
    "storage": [
      {"name":"batchart.wid.js","url":"widget.js"},
      {"name":"batchart.app.js","url":"app.js"},
      {"name":"batchart.img","url":"app-icon.js","evaluate":true}
    ]
  },
  { "id": "nato",
    "name": "NATO Alphabet",
    "shortName" : "NATOAlphabet",
    "icon": "nato.png",
    "version":"0.01",
    "type": "app",
    "description": "Learn the NATO Phonetic alphabet plus some numbers.",
    "tags": "app,learn,visual",
    "allow_emulator":true,
    "storage": [
      {"name":"nato.app.js","url":"nato.js"},
      {"name":"nato.img","url":"nato-icon.js","evaluate":true}
    ]
  },
  { "id": "numerals",
    "name": "Numerals Clock",
    "shortName": "Numerals Clock",
    "icon": "numerals.png",
    "version":"0.08",
    "description": "A simple big numerals clock",
    "tags": "numerals,clock",
	"type":"clock",
    "allow_emulator":true,
    "storage": [
      {"name":"numerals.app.js","url":"numerals.app.js"},
      {"name":"numerals.img","url":"numerals-icon.js","evaluate":true},
      {"name":"numerals.settings.js","url":"numerals.settings.js"}
    ],
    "data":[
      {"name":"numerals.json"}
    ]
  },
  { "id": "bledetect",
    "name": "BLE Detector",
    "shortName":"BLE Detector",
    "icon": "bledetect.png",
    "version":"0.03",
    "description": "Detect BLE devices and show some informations.",
    "tags": "app,bluetooth,tool",
    "readme": "README.md",
    "storage": [
      {"name":"bledetect.app.js","url":"bledetect.js"},
      {"name":"bledetect.img","url":"bledetect-icon.js","evaluate":true}
    ]
  },
  { "id": "snake",
    "name": "Snake",
    "shortName":"Snake",
    "icon": "snake.png",
    "version":"0.02",
    "description": "The classic snake game. Eat apples and don't bite your tail.",
    "tags": "game,fun",
    "readme": "README.md",
    "storage": [
      {"name":"snake.app.js","url":"snake.js"},
      {"name":"snake.img","url":"snake-icon.js","evaluate":true}
    ]
  },
    { "id": "calculator",
    "name": "Calculator",
    "shortName":"Calculator",
    "icon": "calculator.png",
    "version":"0.02",
    "description": "Basic calculator reminiscent of MacOs's one. Handy for small calculus.",
    "tags": "app,tool",
    "storage": [
      {"name":"calculator.app.js","url":"app.js"},
      {"name":"calculator.img","url":"calculator-icon.js","evaluate":true}
    ]
  },
  {
    "id": "dane",
    "name": "Digital Assistant, not EDITH",
    "shortName": "DANE",
    "icon": "app.png",
    "version": "0.16",
    "description": "A Watchface inspired by Tony Stark's EDITH and based on https://arwes.dev/",
    "tags": "clock",
    "type": "clock",
    "allow_emulator": true,
    "storage": [
      {
        "name": "dane.app.js",
        "url": "app.js"
      },
      {
        "name": "dane.img",
        "url": "app-icon.js",
        "evaluate": true
      }
    ]
  },
  { "id": "dane_tcr",
    "name": "DANE Touch Launcher",
    "shortName":"DANE Toucher",
    "icon": "app.png",
    "version":"0.07",
    "description": "Touch enable left to right launcher in the style of the DANE Watchface",
    "tags": "tool,system,launcher",
    "type":"launch",
    "data": [
      {"name":"dane_tcr.json"}
    ],
    "storage": [
      {"name":"dane_tcr.app.js","url":"app.js"},
      {"name":"dane_tcr.settings.js","url":"settings.js"}
    ],
    "sortorder" : -10
  },
  {
    "id": "buffgym",
    "name": "BuffGym",
    "icon": "buffgym.png",
    "version":"0.02",
    "description": "BuffGym is the famous 5x5 workout program for the BangleJS",
    "tags": "tool,outdoors,gym,exercise",
    "type": "app",
    "interface": "buffgym.html",
    "allow_emulator": false,
    "readme": "README.md",
    "storage": [
      {"name":"buffgym.app.js", "url": "buffgym.app.js"},
      {"name":"buffgym-set.js","url":"buffgym-set.js"},
      {"name":"buffgym-exercise.js","url":"buffgym-exercise.js"},
      {"name":"buffgym-workout.js","url":"buffgym-workout.js"},
      {"name":"buffgym-workout-a.json","url":"buffgym-workout-a.json"},
      {"name":"buffgym-workout-b.json","url":"buffgym-workout-b.json"},
      {"name":"buffgym-workout-index.json","url":"buffgym-workout-index.json"},
      {"name":"buffgym.img","url":"buffgym-icon.js","evaluate":true}
    ]
  },
  {
    "id": "banglerun",
    "name": "BangleRun",
    "shortName": "BangleRun",
    "icon": "banglerun.png",
    "version": "0.10",
    "interface": "interface.html",
    "description": "An app for running sessions. Displays info and logs your run for later viewing.",
    "tags": "run,running,fitness,outdoors",
    "allow_emulator": false,
    "storage": [
      {
        "name": "banglerun.app.js",
        "url": "app.js"
      },
      {
        "name": "banglerun.img",
        "url": "app-icon.js",
        "evaluate": true
      }
    ]
  },
  {
    "id": "metronome",
    "name": "Metronome",
    "icon": "metronome_icon.png",
    "version": "0.06",
    "readme": "README.md",
    "description": "Makes the watch blinking and vibrating with a given rate",
    "tags": "tool",
    "allow_emulator": true,
    "storage": [
      {
        "name": "metronome.app.js",
        "url": "metronome.js"
      },
      {
        "name": "metronome.img",
        "url": "metronome-icon.js",
        "evaluate": true
      },
      {"name":"metronome.settings.js","url":"settings.js"}
    ]
  },
  { "id": "blackjack",
    "name": "Black Jack game",
    "shortName":"Black Jack game",
    "icon": "blackjack.png",
    "version":"0.01",
    "description": "Simple implementation of card game Black Jack",
    "tags": "game",
    "allow_emulator":true,
    "storage": [
      {"name":"blackjack.app.js","url":"blackjack.app.js"},
      {"name":"blackjack.img","url":"blackjack-icon.js","evaluate":true}
    ]
  },
  { "id": "hidcam",
    "name": "Camera shutter",
    "shortName":"Cam shutter",
    "icon": "app.png",
    "version":"0.03",
    "description": "Enable HID, connect to your phone, start your camera and trigger the shot on your Bangle",
    "readme": "README.md",
    "tags": "bluetooth,tool",
    "storage": [
        {"name":"hidcam.app.js","url":"app.js"},
        {"name":"hidcam.img","url":"app-icon.js","evaluate":true}
    ]
  },
  { "id": "swlclk",
    "name": "SWL Clock / Short Wave Listner Clock",
    "shortName": "SWL Clock",
    "icon": "swlclk.png",
    "version":"0.01",
    "description": "Display Local, UTC time and some programs on the shorts waves along the day, with the frequencies",
    "tags": "tool,clock",
    "type":"clock",
    "readme": "README.md",
    "allow_emulator":true,
    "storage": [
      {"name":"swlclk.app.js","url":"app.js"},
      {"name":"swlclk.img","url":"app-icon.js","evaluate":true}
    ]
  },
  {
    "id": "rclock",
    "name": "Round clock with seconds,  minutes and date",
    "shortName":"Round Clock",
    "icon": "app.png",
    "version":"0.04",
    "description": "Designed round clock with ticks for minutes and seconds and heart rate indication",
    "tags": "clock",
    "type": "clock",
    "storage": [
      {"name":"rclock.app.js","url":"rclock.app.js"},
      {"name":"rclock.img","url":"app-icon.js","evaluate":true}
    ]
  },
  { "id": "hamloc",
    "name": "QTH Locator / Maidenhead Locator System",
    "shortName": "QTH Locator",
    "icon": "app.png",
    "version":"0.01",
    "description": "Convert your current GPS location to the Maidenhead locator system used by HAM amateur radio operators",
    "tags": "tool,outdoors,gps",
    "readme": "README.md",
    "storage": [
      {"name":"hamloc.app.js","url":"app.js"},
      {"name":"hamloc.img","url":"app-icon.js","evaluate":true}
    ]
  },
  { "id": "osmpoi",
    "name": "POI Compass",
    "icon": "app.png",
    "version":"0.03",
    "description": "Uploads all the points of interest in an area onto your watch, same as Beer Compass with more p.o.i.",
    "tags": "tool,outdoors,gps",
    "readme": "README.md",
    "custom": "custom.html",
    "storage": [
      {"name":"osmpoi.app.js"},
      {"name":"osmpoi.img","url":"app-icon.js","evaluate":true}
    ]
  },
  { "id": "pong",
    "name": "Pong",
    "shortName": "Pong",
    "icon": "pong.png",
    "version": "0.03",
    "description": "A clone of the Atari game Pong",
    "tags": "game",
    "type": "app",
    "allow_emulator": true,
    "readme": "README.md",
    "storage": [
      {"name":"pong.app.js","url":"app.js"},
      {"name":"pong.img","url":"app-icon.js","evaluate":true}
    ]
  },
  { "id": "ballmaze",
    "name": "Ball Maze",
    "icon": "icon.png",
    "version": "0.01",
    "description": "Navigate a ball through a maze by tilting your watch.",
    "readme": "README.md",
    "tags": "game",
    "type": "app",
    "storage": [
      {"name": "ballmaze.app.js","url":"app.js"},
      {"name": "ballmaze.img","url":"icon.js","evaluate": true}
    ],
    "data": [
      {"name": "ballmaze.json"}
    ]
  },
  { "id": "calendar",
    "name": "Calendar",
    "icon": "calendar.png",
    "version": "0.01",
    "description": "Simple calendar",
    "tags": "calendar",
    "readme": "README.md",
    "allow_emulator": true,
    "storage": [
      {
        "name": "calendar.app.js",
        "url": "calendar.js"
      },
      {
        "name": "calendar.img",
        "url": "calendar-icon.js",
        "evaluate": true
      }
    ]
  },
  { "id": "hidjoystick",
    "name": "Bluetooth Joystick",
    "shortName": "Joystick",
    "icon": "app.png",
    "version":"0.01",
    "description": "Emulates a 2 axis/5 button Joystick using the accelerometer as stick input and buttons 1-3, touch left as button 4 and touch right as button 5.",
    "tags": "bluetooth",
    "storage": [
      {"name":"hidjoystick.app.js","url":"app.js"},
      {"name":"hidjoystick.img","url":"app-icon.js","evaluate":true}
    ]
  },
  {
    "id": "largeclock",
    "name": "Large Clock",
    "icon": "largeclock.png",
    "version": "0.07",
    "description": "A readable and informational digital watch, with date, seconds and moon phase",
    "readme": "README.md",
    "tags": "clock",
    "type": "clock",
    "allow_emulator": true,
    "storage": [
      {
        "name": "largeclock.app.js",
        "url": "largeclock.js"
      },
      {
        "name": "largeclock.img",
        "url": "largeclock-icon.js",
        "evaluate": true
      },
      {
        "name": "largeclock.settings.js",
        "url": "settings.js"
      }
    ],
    "data": [
      {"name":"largeclock.json"}
    ]
  },
  { "id": "smtswch",
    "name": "Smart Switch",
    "shortName":"Smart Switch",
    "icon": "app.png",
    "version":"0.01",
    "description": "Using EspruinoHub, control your smart devices on and off via Bluetooth Low Energy!",
    "tags": "bluetooth,btle,smart,switch",
    "type": "app",
    "readme": "README.md",
    "storage": [
      {"name":"smtswch.app.js","url":"app.js"},
      {"name":"smtswch.img","url":"app-icon.js","evaluate":true},
      {"name":"light-on.img","url":"light-on.js","evaluate":true},
      {"name":"light-off.img","url":"light-off.js","evaluate":true},
      {"name":"switch-on.img","url":"switch-on.js","evaluate":true},
      {"name":"switch-off.img","url":"switch-off.js","evaluate":true}
    ]
  },
  { "id": "miplant",
    "name": "Xiaomi Plant Sensor",
    "shortName":"Mi Plant",
    "icon": "app.png",
    "version":"0.02",
    "description": "Reads and displays data from Xiaomi bluetooth plant moisture sensors",
    "tags": "xiaomi,mi,plant,ble,bluetooth",
    "storage": [
      {"name":"miplant.app.js","url":"app.js"},
      {"name":"miplant.img","url":"app-icon.js","evaluate":true}
    ]
  },
  {
    "id": "simpletimer",
    "name": "Timer",
    "icon": "app.png",
    "version": "0.07",
    "description": "Simple timer, useful when playing board games or cooking",
    "tags": "timer",
    "readme": "README.md",
    "allow_emulator": true,
    "storage": [
      {
        "name": "simpletimer.app.js",
        "url": "app.js"
      },
      {
        "name": ".tfnames",
        "url": "gesture-tfnames.js",
        "evaluate": true
      },
      {
        "name": ".tfmodel",
        "url": "gesture-tfmodel.js",
        "evaluate": true
      },
      {
        "name": "simpletimer.img",
        "url": "app-icon.js",
        "evaluate": true
      }
    ],
    "data": [
      {
        "name": "simpletimer.json"
      }
    ]
  },
  {
    "id": "beebclock",
    "name": "Beeb Clock",
    "icon": "beebclock.png",
    "version":"0.02",
    "description": "Clock face that may be coincidentally familiar to BBC viewers",
    "tags": "clock",
    "type": "clock",
    "allow_emulator": true,
    "storage": [
        {"name":"beebclock.app.js","url":"beebclock.js"},
        {"name":"beebclock.img","url":"beebclock-icon.js","evaluate":true}
    ]
  },
  { "id": "findphone",
    "name": "Find Phone",
    "shortName":"Find Phone",
    "icon": "app.png",
    "version":"0.02",
    "description": "Find your phone via Gadgetbridge. Click any button to let your phone ring. 📳  Note: The functionality is available even without this app, just go to Settings, App Settings, Gadgetbridge, Find Phone.",
    "tags": "tool,android",
    "readme": "README.md",
    "allow_emulator": true,
    "storage": [
        {"name":"findphone.app.js","url":"app.js"},
        {"name":"findphone.img","url":"app-icon.js","evaluate":true}
    ]
  },
  { "id": "getup",
    "name": "Get Up",
    "shortName":"Get Up",
    "icon": "app.png",
    "version":"0.01",
    "description": "Reminds you to getup every x minutes. Sitting to long is dangerous!",
    "tags": "tools,health",
    "readme": "README.md",
    "allow_emulator":true,
    "storage": [
      {"name":"getup.app.js","url":"app.js"},
      {"name":"getup.settings.js","url":"settings.js"},
      {"name":"getup.img","url":"app-icon.js","evaluate":true}
    ]
  },
  {
    "id": "gallifr",
    "name": "Time Traveller's Chronometer",
    "shortName": "Time Travel Clock",
    "icon": "gallifr.png",
    "version": "0.01",
    "description": "A clock for time travellers. The light pie segment shows the minutes, the black circle, the hour. The dial itself reads 'time' just in case you forget.",
    "tags": "clock",
    "readme": "README.md",
    "type": "clock",
    "allow_emulator":true,
    "storage": [
      { "name": "gallifr.app.js", "url": "app.js" },
      { "name": "gallifr.img", "url": "app-icon.js", "evaluate": true },
      { "name": "gallifr.settings.js", "url": "settings.js" }
    ],
    "data": [
      {"name":"gallifr.json"}
    ]
  },
  { "id": "rndmclk",
    "name": "Random Clock Loader",
    "icon": "rndmclk.png",
    "version":"0.03",
    "description": "Load a different clock whenever the LCD is switched on.",
    "readme": "README.md",
    "tags": "widget,clock",
    "type":"widget",
    "storage": [
      {"name":"rndmclk.wid.js","url":"widget.js"}
    ]
  },
  { "id": "dotmatrixclock",
    "name": "Dotmatrix Clock",
    "icon": "dotmatrixclock.png",
    "version":"0.01",
    "description": "A clear white-on-blue dotmatrix simulated clock",
    "tags": "clock,dotmatrix,retro",
    "type": "clock",
    "allow_emulator":true,
    "readme": "README.md",
    "storage": [
      {"name":"dotmatrixclock.app.js","url":"app.js"},
      {"name":"dotmatrixclock.img","url":"dotmatrixclock-icon.js","evaluate":true}
    ]
  },
  {
    "id": "jbm8b",
    "name": "Magic 8 Ball",
    "shortName": "Magic 8 Ball",
    "icon": "app.png",
    "description": "A simple fortune telling app",
    "tags": "game",
    "version": "0.03",
    "storage": [
      { "name": "jbm8b.app.js", "url": "app.js" },
      { "name": "jbm8b.img", "url": "app-icon.js",  "evaluate": true  }
  ]
  },
  { "id": "BLEcontroller",
    "name": "BLE Customisable Controller with Joystick",
    "shortName": "BLE Controller",
    "icon": "BLEcontroller.png",
    "version": "0.01",
    "description": "A configurable controller for BLE devices and robots, with a basic four direction joystick. Designed to be easy to customise so you can add your own menus.",
    "tags": "tool,bluetooth",
    "readme": "README.md",
    "allow_emulator":false,
    "storage": [
      { "name": "BLEcontroller.app.js", "url": "app.js" },
      { "name": "BLEcontroller.img", "url": "app-icon.js", "evaluate": true }
    ]
  },
  { "id": "widviz",
    "name": "Widget Visibility Widget",
    "shortName":"Viz Widget",
    "icon": "eye.png",
    "version":"0.02",
    "description": "Swipe left to hide top bar widgets, swipe right to redisplay.",
    "tags": "widget",
    "type": "widget",
    "storage": [
      {"name":"widviz.wid.js","url":"widget.js"}
    ]
  },
  { "id": "binclock",
    "name": "Binary Clock",
    "shortName":"Binary Clock",
    "icon": "app.png",
    "version":"0.02",
    "description": "A binary clock with hours and minutes. BTN1 toggles a digital clock.",
    "tags": "clock,binary",
    "type": "clock",
    "storage": [
      {"name":"binclock.app.js","url":"app.js"},
      {"name":"binclock.img","url":"app-icon.js","evaluate":true}
    ]
  },
  {
    "id": "pizzatimer",
    "name": "Pizza Timer",
    "shortName":"Pizza Timer",
    "icon": "pizza.png",
    "version":"0.01",
    "description": "A timer app for when you cook Pizza. Some say it can also time other things",
    "tags": "timer,tool,pizza",
    "readme": "README.md",
    "storage": [
      {"name":"pizzatimer.app.js","url":"app.js"},
      {"name":"pizzatimer.img","url":"app-icon.js","evaluate":true}
    ]
  },
  { "id": "animclk",
    "name": "Animated Clock",
    "shortName":"Anim Clock",
    "icon": "app.png",
    "version":"0.02",
    "description": "An animated clock face using Mark Ferrari's amazing 8 bit game art and palette cycling: http://www.markferrari.com/art/8bit-game-art",
    "tags": "clock,animated",
    "type": "clock",
    "storage": [
      {"name":"animclk.app.js","url":"app.js"},
      {"name":"animclk.pixels1","url":"animclk.pixels1"},
      {"name":"animclk.pixels2","url":"animclk.pixels2"},
      {"name":"animclk.pal","url":"animclk.pal"},
      {"name":"animclk.img","url":"app-icon.js","evaluate":true}
    ]
  },
  { "id": "analogimgclk",
    "name": "Analog Clock (Image background)",
    "shortName":"Analog Clock",
    "icon": "app.png",
    "version":"0.02",
    "description": "An analog clock with an image background",
    "tags": "clock",
    "type": "clock",
    "storage": [
      {"name":"analogimgclk.app.js","url":"app.js"},
      {"name":"analogimgclk.bg.img","url":"bg.img"},
      {"name":"analogimgclk.img","url":"app-icon.js","evaluate":true}
    ]
  },
  {
    "id": "verticalface",
    "name": "Vertical watch face",
    "shortName":"Vertical Face",
    "icon": "app.png",
    "version":"0.08",
    "description": "A simple vertical watch face with the date. Heart rate monitor is toggled with BTN1",
    "tags": "clock",
    "type":"clock",
    "allow_emulator":true,
    "storage": [
      {"name":"verticalface.app.js","url":"app.js"},
      {"name":"verticalface.img","url":"app-icon.js","evaluate":true}
    ]
  },
  { "id": "sleepphasealarm",
    "name": "SleepPhaseAlarm",
    "shortName":"SleepPhaseAlarm",
    "icon": "app.png",
    "version":"0.01",
    "description": "Uses the accelerometer to estimate sleep and wake states with the principle of Estimation of Stationary Sleep-segments (ESS, see https://ubicomp.eti.uni-siegen.de/home/datasets/ichi14/index.html.en). This app will read the next alarm from the alarm application and will wake you up to 30 minutes early at the best guessed time when you are almost already awake.",
    "tags": "alarm",
    "storage": [
      {"name":"sleepphasealarm.app.js","url":"app.js"},
      {"name":"sleepphasealarm.img","url":"app-icon.js","evaluate":true}
    ]
  },
  { "id": "life",
    "name": "Game of Life",
    "icon": "life.png",
    "version":"0.04",
    "description": "Conway's Game of Life - 16x16 board",
    "tags": "game",
    "allow_emulator":true,
    "storage": [
      {"name":"life.app.js","url":"life.min.js"},
      {"name":"life.img","url":"life-icon.js","evaluate":true}
    ]
  },
   { "id": "magnav",
    "name": "Navigation Compass",
    "icon": "magnav.png",
    "version":"0.04",
    "description": "Compass with linear display as for GPSNAV. Has Tilt compensation and remembers calibration.",
    "readme": "README.md",
    "tags": "tool,outdoors",
    "storage": [
      {"name":"magnav.app.js","url":"magnav.min.js"},
      {"name":"magnav.img","url":"magnav-icon.js","evaluate":true}
    ],
    "data":[{"name":"magnav.json"}]
  },
  { "id": "gpspoilog",
    "name": "GPS POI Logger",
    "shortName":"GPS POI Log",
    "icon": "app.png",
    "version":"0.01",
    "description": "A simple app to log points of interest with their GPS coordinates and read them back onto your PC. Based on the https://www.espruino.com/Bangle.js+Storage tutorial",
    "tags": "outdoors",
    "interface": "interface.html",
    "storage": [
      {"name":"gpspoilog.app.js","url":"app.js"},
      {"name":"gpspoilog.img","url":"app-icon.js","evaluate":true}
    ]
  },
  { "id": "miclock2",
    "name": "Mixed Clock 2",
    "icon": "clock-mixed.png",
    "version":"0.01",
    "description": "White color variant of the Mixed Clock with thicker clock hands for better readability in the bright sunlight, extra space under the clock for widgets and seconds in the digital clock.",
    "tags": "clock",
    "type":"clock",
    "allow_emulator":true,
    "storage": [
      {"name":"miclock2.app.js","url":"clock-mixed.js"},
      {"name":"miclock2.img","url":"clock-mixed-icon.js","evaluate":true}
    ]
  },
  { "id": "1button",
    "name": "One-Button-Tracker",
    "icon": "widget.png",
    "version":"0.01",
    "interface": "interface.html",
    "description": "A widget that turns BTN1 into a tracker, records time of button press/release.",
    "tags": "tool,quantifiedself,widget",
    "type": "widget",
    "readme": "README.md",
    "storage": [
      {"name":"1button.wid.js","url":"widget.js"}
    ],
    "data": [
      {"name":"one_button_presses.csv","storageFile": true}
    ]
  },
  { "id": "gpsautotime",
    "name": "GPS auto time",
    "shortName":"GPS auto time",
    "icon": "widget.png",
    "version":"0.01",
    "description": "A widget that automatically updates the Bangle.js time to the GPS time whenever there is a valid GPS fix.",
    "tags": "widget,gps",
    "type": "widget",
    "storage": [
      {"name":"gpsautotime.wid.js","url":"widget.js"}
    ]
  },
  { "id": "espruinoctrl",
    "name": "Espruino Control",
    "shortName":"Espruino Ctrl",
    "icon": "app.png",
    "version":"0.01",
    "description": "Send commands to other Espruino devices via the Bluetooth UART interface. Customisable commands!",
    "tags": "",
    "readme": "README.md",
    "custom": "custom.html",
    "storage": [
      {"name":"espruinoctrl.app.js"},
      {"name":"espruinoctrl.img","url":"app-icon.js","evaluate":true}
    ]
  },
  { "id": "multiclock",
    "name": "Multi Clock",
    "icon": "multiclock.png",
    "version":"0.12",
    "description": "Clock with multiple faces - Big, Analogue, Digital, Text, Time-Date.\n Switch between faces with BTN1 & BTN3",
    "readme": "README.md",
    "tags": "clock",
    "type":"clock",
    "allow_emulator":true,
    "storage": [
      {"name":"multiclock.app.js","url":"clock.js"},
      {"name":"big.face.js","url":"big.js"},
      {"name":"ana.face.js","url":"ana.js"},
      {"name":"digi.face.js","url":"digi.js"},
      {"name":"txt.face.js","url":"txt.js"},
      {"name":"timdat.face.js","url":"timdat.js"},
      {"name":"ped.face.js","url":"ped.js"},
      {"name":"multiclock.img","url":"multiclock-icon.js","evaluate":true}
    ]
  },
   { "id": "widancs",
    "name": "Apple Notification Widget",
    "shortName":"ANCS Widget",
    "icon": "widget.png",
    "version":"0.06",
    "description": "Displays call, message etc notifications from a paired iPhone. Read README before installation as it only works with compatible apps",
    "readme": "README.md",
    "tags": "widget",
    "type": "widget",
    "storage": [
      {"name":"widancs.wid.js","url":"ancs.min.js"},
      {"name":"widancs.settings.js","url":"settings.js"}
    ]
  },
  { "id": "accelrec",
    "name": "Acceleration Recorder",
    "shortName":"Accel Rec",
    "icon": "app.png",
    "version":"0.02",
    "interface": "interface.html",
    "description": "This app puts the Bangle's accelerometer into 100Hz mode and reads 2 seconds worth of data after movement starts. The data can then be exported back to the PC.",
    "tags": "",
    "readme": "README.md",
    "storage": [
      {"name":"accelrec.app.js","url":"app.js"},
      {"name":"accelrec.img","url":"app-icon.js","evaluate":true}
    ],
    "data": [
      {"wildcard":"accelrec.?.csv" }
    ]
  },
  { "id": "accellog",
    "name": "Acceleration Logger",
    "shortName":"Accel Log",
    "icon": "app.png",
    "version":"0.01",
    "interface": "interface.html",
    "description": "Logs XYZ acceleration data to a CSV file that can be downloaded to your PC",
    "tags": "outdoor",
    "readme": "README.md",
    "storage": [
      {"name":"accellog.app.js","url":"app.js"},
      {"name":"accellog.img","url":"app-icon.js","evaluate":true}
    ],
    "data": [
      {"wildcard":"accellog.?.csv" }
    ]
  },
  {
    "id": "cprassist",
    "name":"CPR Assist",
    "icon":"cprassist-icon.png",
    "version": "0.01",
    "readme": "README.md",
    "description": "Provides assistance while performing a CPR",
    "tags": "tool,firstaid",
    "allow_emulator": true,
    "storage": [
      {
        "name": "cprassist.app.js",
        "url": "cprassist.js"
      },
      {
        "name": "cprassist.img",
        "url": "cprassist-icon.js",
        "evaluate": true
      },
      {
        "name": "cprassist.settings.js",
        "url": "settings.js"
      }
    ]
  },
  { "id": "osgridref",
    "name": "Ordnance Survey Grid Reference",
    "shortName":"OS Grid ref",
    "icon": "app.png",
    "version":"0.01",
    "description": "Displays the UK Ordnance Survey grid reference of your current GPS location. Useful when in the United Kingdom with an Ordnance Survey map",
    "tags": "outdoors,gps",
    "storage": [
      {"name":"osgridref.app.js","url":"app.js"},
      {"name":"osgridref.img","url":"app-icon.js","evaluate":true}
    ]
  },
  { "id": "openseizure",
    "name": "OpenSeizureDetector Widget",
    "shortName":"Short Name",
    "icon": "widget.png",
    "version":"0.01",
    "description": "[BETA!] A widget to work alongside [OpenSeizureDetector](https://www.openseizuredetector.org.uk/)",
    "tags": "widget",
    "type": "widget",
    "readme": "README.md",
    "storage": [
      {"name":"openseizure.wid.js","url":"widget.js"}
    ]
  },
  {"id": "counter",
  "name": "Counter",
  "icon": "counter_icon.png",
  "version": "0.03",
  "description": "Simple counter",
  "tags": "tool",
  "allow_emulator": true,
  "storage": [
    {"name": "counter.app.js", "url": "counter.js"},
    {"name": "counter.img", "url": "counter-icon.js", "evaluate": true}
   ]
  },
  { "id": "bootgattbat",
    "name": "BLE GATT Battery Service",
    "shortName":"BLE Battery Service",
    "icon": "bluetooth.png",
    "version":"0.01",
    "description": "Adds the GATT Battery Service to advertise the percentage of battery currently remaining over Bluetooth.\n",
    "tags": "battery,ble,bluetooth,gatt",
    "type": "bootloader",
    "readme": "README.md",
    "storage": [
      {"name":"gattbat.boot.js","url":"boot.js"}
    ]
  },
  { "id": "viewstl",
  "name": "STL file viewer",
  "shortName":"ViewSTL",
  "icon": "icons8-octahedron-48.png",
  "version":"0.02",
  "description": "This app allows you to view STL 3D models on your watch",
  "tags": "tool",
  "readme": "README.md",
  "storage": [
    {"name":"viewstl.app.js","url":"viewstl.min.js"},
    {"name":"viewstl.img","url":"viewstl-icon.js","evaluate":true},
    {"name":"tetra.stl","url":"tetra.stl"},
    {"name":"cube.stl","url":"cube.stl"},
    {"name":"icosa.stl","url":"icosa.stl"}
   ]
  },
  { "id": "cscsensor",
    "name": "Cycling speed sensor",
    "shortName":"CSCSensor",
    "icon": "icons8-cycling-48.png",
    "version":"0.04",
    "description": "Read BLE enabled cycling speed and cadence sensor and display readings on watch",
    "tags": "outdoors,exercise,ble,bluetooth",
    "readme": "README.md",
    "storage": [
      {"name":"cscsensor.app.js","url":"cscsensor.app.js"},
      {"name":"cscsensor.settings.js","url":"settings.js"},
      {"name":"cscsensor.img","url":"cscsensor-icon.js","evaluate":true}
    ]
  },
  { "id": "fileman",
    "name": "File manager",
    "shortName":"FileManager",
    "icon": "icons8-filing-cabinet-48.png",
    "version":"0.03",
    "description": "Simple file manager, allows user to examine watch storage and display, load or delete individual files",
    "tags": "tools",
    "readme": "README.md",
    "storage": [
      {"name":"fileman.app.js","url":"fileman.app.js"},
      {"name":"fileman.img","url":"fileman-icon.js","evaluate":true}
    ]
  },
 { "id": "worldclock",
    "name": "World Clock - 4 time zones",
    "shortName":"World Clock",
    "icon": "app.png",
    "version":"0.03",
    "description": "Current time zone plus up to four others",
    "tags": "clock",
    "type" : "clock",
    "custom": "custom.html",
    "readme": "README.md",
    "storage": [
      {"name":"worldclock.app.js","url":"app.js"},
      {"name":"worldclock.settings.json"},
      {"name":"worldclock.img","url":"worldclock-icon.js","evaluate":true}
  ]
 },
{ "id": "digiclock",
  "name": "Digital Clock Face",
  "shortName":"Digi Clock",
  "icon": "digiclock.png",
  "version":"0.01",
  "description": "A simple digital clock with the time, day, month, and year",
  "tags": "clock",
  "type" : "clock",
  "storage": [
    {"name":"digiclock.app.js","url":"digiclock.js"},
    {"name":"digiclock.img","url":"digiclock-icon.js","evaluate":true}
 ]
},
  { "id": "dsdrelay",
    "name": "DSD BLE Relay controller",
    "shortName":"DSDRelay",
    "icon": "icons8-relay-48.png",
    "version":"0.01",
    "description": "Control BLE relay board from the watch",
    "tags": "ble,bluetooth",
    "readme": "README.md",
    "storage": [
      {"name":"dsdrelay.app.js","url":"dsdrelay.app.js"},
      {"name":"dsdrelay.img","url":"dsdrelay-icon.js","evaluate":true}
    ]
  },
  { "id": "mandel",
    "name": "Mandelbrot",
    "shortName":"Mandel",
    "icon": "mandel.png",
    "version":"0.01",
    "description": "Draw a zoomable Mandelbrot set",
    "tags": "game",
    "readme": "README.md",
    "storage": [
      {"name":"mandel.app.js","url":"mandel.min.js"},
      {"name":"mandel.img","url":"mandel-icon.js","evaluate":true}
    ]
  },
  {
    "id": "petrock",
    "name": "Pet rock",
    "icon": "petrock.png",
    "version": "0.02",
    "description": "A virtual pet rock with wobbly eyes",
    "tags": "game",
    "type": "app",
    "storage": [
      {"name": "petrock.app.js", "url": "app.js"},
      {"name": "petrock.img", "url": "app-icon.js", "evaluate": true}
    ]
  },
  { "id": "smartibot",
    "name": "Smartibot controller",
    "shortName":"Smartibot",
    "icon": "app.png",
    "version":"0.01",
    "description": "Control a [Smartibot Robot](https://thecraftyrobot.net/) straight from your Bangle.js",
    "tags": "",
    "storage": [
      {"name":"smartibot.app.js","url":"app.js"},
      {"name":"smartibot.img","url":"app-icon.js","evaluate":true}
    ]
  },
  { "id": "widncr",
    "name": "NCR Logo Widget",
    "icon": "widget.png",
    "version":"0.01",
    "description": "Show the NodeConf Remote logo in the top left",
    "tags": "widget",
    "type":"widget",
    "storage": [
      {"name":"widncr.wid.js","url":"widget.js"}
    ]
  },
  { "id": "ncrclk",
    "name": "NCR Clock",
    "shortName":"NCR Clock",
    "icon": "app.png",
    "version":"0.01",
    "description": "NodeConf Remote clock",
    "tags": "clock",
    "type": "clock",
    "storage": [
      {"name":"ncrclk.app.js","url":"app.js"},
      {"name":"ncrclk.img","url":"app-icon.js","evaluate":true}
    ]
  },
{ "id": "isoclock",
  "name": "ISO Compliant Clock Face",
  "shortName":"ISO Clock",
  "icon": "isoclock.png",
  "version":"0.01",
  "description": "Tweaked fork of digiclock for ISO date and time",
  "tags": "clock",
  "type" : "clock",
  "storage": [
    {"name":"isoclock.app.js","url":"isoclock.js"},
    {"name":"isoclock.img","url":"isoclock-icon.js","evaluate":true}
 ]
},
{ "id": "gpstimeserver",
  "name": "GPS Time Server",
  "icon": "widget.png",
  "version":"0.01",
  "description": "A widget which automatically starts the GPS and turns Bangle.js into a Bluetooth time server.",
  "tags": "widget",
  "type": "widget",
  "readme": "README.md",
  "storage": [
    {"name":"gpstimeserver.wid.js","url":"widget.js"}
  ]
},
{ "id": "tilthydro",
  "name": "Tilt Hydrometer Display",
  "shortName":"Tilt Hydro",
  "icon": "app.png",
  "version":"0.01",
  "description": "A display for the [Tilt Hydrometer](https://tilthydrometer.com/) - [more info here](http://www.espruino.com/Tilt+Hydrometer+Display)",
  "tags": "tools,bluetooth",
  "storage": [
    {"name":"tilthydro.app.js","url":"app.js"},
    {"name":"tilthydro.img","url":"app-icon.js","evaluate":true}
  ]
},
{ "id": "supmariodark",
  "name": "Super mario clock night mode",
  "shortName":"supmariodark",
  "icon": "supmariodark.png",
  "version":"0.01",
  "description": "Super mario clock in night mode",
  "tags": "clock",
  "type" : "clock",
  "storage": [
    {"name":"supmariodark.app.js","url":"supmariodark.js"},
    {"name":"supmariodark.img","url":"supmariodark-icon.js","evaluate":true},
    {"name":"supmario30x24.bin","url":"supmario30x24.bin.js"},
    {"name":"supmario30x24.wdt","url":"supmario30x24.wdt.js"},
    {"name":"banner-up.img","url":"banner-up.js","evaluate":true},
    {"name":"banner-down.img","url":"banner-down.js","evaluate":true},
    {"name":"brick2.img","url":"brick2.js","evaluate":true},
    {"name":"enemy.img","url":"enemy.js","evaluate":true},
    {"name":"flower.img","url":"flower.js","evaluate":true},
    {"name":"flower_b.img","url":"flower_b.js","evaluate":true},
    {"name":"mario_wh.img","url":"mario_wh.js","evaluate":true},
    {"name":"pipe.img","url":"pipe.js","evaluate":true}
  ]
},
{ "id": "gmeter",
  "name": "G-Meter",
  "shortName":"G-Meter",
  "icon": "app.png",
  "version":"0.01",
  "description": "Simple G-Meter",
  "tags": "",
  "storage": [
    {"name":"gmeter.app.js","url":"app.js"},
    {"name":"gmeter.img","url":"app-icon.js","evaluate":true}
  ]
},
{ "id": "dtlaunch",
  "name": "Desktop Launcher",
  "icon": "icon.png",
  "version":"0.03",
  "description": "Desktop style App Launcher with six apps per page - fast access if you have lots of apps installed.",
  "readme": "README.md",
  "tags": "tool,system,launcher",
  "type":"launch",
  "storage": [
    {"name":"dtlaunch.app.js","url":"app.js"},
    {"name":"dtlaunch.img","url":"app-icon.js","evaluate":true}
  ]
},
{ "id": "HRV",
  "name": "Heart Rate Variability monitor",
  "shortName":"HRV monitor",
  "icon": "hrv.png",
  "version":"0.03",
  "description": "Heart Rate Variability monitor, see Readme for more info",
  "tags": "",
  "readme": "README.md",
  "storage": [
    {"name":"HRV.app.js","url":"app.js"},
    {"name":"HRV.img","url":"app-icon.js","evaluate":true}
  ]
},
{ "id": "hardalarm",
  "name": "Hard Alarm",
  "shortName":"HardAlarm",
  "icon": "app.png",
  "version":"0.01",
  "description": "Make sure you wake up! Count to the right number to turn off the alarm",
  "tags": "tool,alarm,widget",
  "storage": [
    {"name":"hardalarm.app.js","url":"app.js"},
    {"name":"hardalarm.boot.js","url":"boot.js"},
    {"name":"hardalarm.js","url":"hardalarm.js"},
    {"name":"hardalarm.img","url":"app-icon.js","evaluate":true},
    {"name":"hardalarm.wid.js","url":"widget.js"}
  ],
  "data": [
    {"name":"hardalarm.json"}
  ]
},
{ "id": "edisonsball",
  "name": "Edison's Ball",
  "shortName":"Edison's Ball",
  "icon": "app-icon.png",
  "version":"0.01",
  "description": "Hypnagogia/Micro-Sleep alarm for experimental use in exploring sleep transition and combating drowsiness",
  "tags": "",
  "readme": "README.md",
  "storage": [
    {"name":"edisonsball.app.js","url":"app.js"},
    {"name":"edisonsball.img","url":"app-icon.js","evaluate":true}
  ]
},
{ "id": "hrrawexp",
  "name": "HRM Data Exporter",
  "shortName":"HRM Data Exporter",
  "icon": "app-icon.png",
  "version":"0.01",
  "description": "export raw hrm signal data to a csv file",
  "tags": "",
  "readme": "README.md",
  "interface": "interface.html",
  "storage": [
    {"name":"hrrawexp.app.js","url":"app.js"},
    {"name":"hrrawexp.img","url":"app-icon.js","evaluate":true}
  ]
},
{ "id": "breath",
  "name": "Breathing App",
  "shortName":"Breathing App",
  "icon": "app-icon.png",
  "version":"0.01",
  "description": "app to aid relaxation and train breath syncronicity using haptics and visualisation, also displays HR",
  "tags": "tools,health",
  "readme": "README.md",
  "storage": [
    {"name":"breath.app.js","url":"app.js"},
    {"name":"breath.settings.json","url":"settings.json"},
    {"name":"breath.img","url":"app-icon.js","evaluate":true}
  ]
},
{ "id": "lazyclock",
  "name": "Lazy Clock",
  "icon": "lazyclock.png",
  "version":"0.02",
  "readme": "README.md",
  "description": "Tells the time, roughly",
  "tags": "clock",
  "type":"clock",
  "allow_emulator":true,
  "storage": [
    {"name":"lazyclock.app.js","url":"lazyclock-app.js"},
    {"name":"lazyclock.img","url":"lazyclock-icon.js","evaluate":true}
  ]
},
{ "id": "astral",
  "name": "Astral Clock",
  "icon": "app-icon.png",
  "version":"0.02",
  "readme": "README.md",
  "description": "Clock that calculates and displays Alt Az positions of all planets, Sun as well as several other astronomy targets (customizable) and current Moon phase. Coordinates are calculated by GPS & time and onscreen compass assists orienting. See Readme before using.",
  "tags": "clock",
  "type":"clock",
  "storage": [
    {"name":"astral.app.js","url":"app.js"},
    {"name":"astral.img","url":"app-icon.js","evaluate":true}
  ]
},
{ "id": "alpinenav",
  "name": "Alpine Nav",
  "icon": "app-icon.png",
  "version":"0.01",
  "readme": "README.md",
  "description": "App that performs GPS monitoring to track and display position relative to a given origin in realtime",
  "tags": "outdoors,gps",
  "storage": [
    {"name":"alpinenav.app.js","url":"app.js"},
    {"name":"alpinenav.img","url":"app-icon.js","evaluate":true}
  ]
},
{ "id": "lifeclk",
  "name": "Game of Life Clock",
  "shortName":"Conway's Clock",
  "icon": "app.png",
  "version":"0.05",
  "description": "Modification and clockification of Conway's Game of Life",
  "tags": "clock",
  "type" : "clock",
  "readme": "README.md",
  "storage": [
    {"name":"lifeclk.app.js","url":"app.js"},
    {"name":"lifeclk.img","url":"app-icon.js","evaluate":true}
  ]
},
{ "id": "speedalt",
  "name": "GPS Adventure Sports",
  "shortName":"GPS Adv Sport",
  "icon": "app.png",
  "version":"1.02",
  "description": "GPS speed, altitude and distance to waypoint display. Designed for easy viewing and use during outdoor activities such as para-gliding, hang-gliding, sailing, cycling etc.",
  "tags": "tool,outdoors",
  "type":"app",
  "allow_emulator":true,
  "readme": "README.md",
  "storage": [
    {"name":"speedalt.app.js","url":"app.js"},
    {"name":"speedalt.img","url":"app-icon.js","evaluate":true},
    {"name":"speedalt.settings.js","url":"settings.js"}
  ],
 "data": [
      {"name":"speedalt.json"}
    ]
},
{ "id": "de-stress",
  "name": "De-Stress",
  "shortName":"De-Stress",
  "icon": "app.png",
  "version":"0.01",
  "description": "Simple haptic heartbeat",
  "storage": [
    {"name":"de-stress.app.js","url":"app.js"},
    {"name":"de-stress.img","url":"app-icon.js","evaluate":true}
  ]
},
{ "id": "gpsservice",
  "name": "Low power GPS Service",
  "shortName":"GPS Service",
  "icon": "gpsservice.png",
  "version":"0.04",
  "description": "low power GPS widget",
  "tags": "gps outdoors navigation",
  "readme": "README.md",
  "storage": [
    {"name":"gpsservice.app.js","url":"app.js"},
    {"name":"gpsservice.settings.js","url":"settings.js"},
    {"name":"gpsservice.settings.json","url":"settings.json"},
    {"name":"gpsservice.wid.js","url":"widget.js"},
    {"name":"gpsservice.img","url":"gpsservice-icon.js","evaluate":true}
  ]
},
{ "id": "mclockplus",
  "name": "Morph Clock+",
  "shortName":"Morph Clock+",
  "icon": "mclockplus.png",
  "version":"1.0",
  "description": "Morphing Clock with more readable seconds and date and additional stopwatch",
  "tags": "clock",
  "type": "clock",
  "readme": "README.md",
  "storage": [
    {"name":"mclockplus.app.js","url":"mclockplus.app.js"},
    {"name":"mclockplus.img","url":"mclockplus-icon.js","evaluate":true}
  ]
},
{ "id": "intervals",
  "name": "Intervals App",
  "shortName":"Intervals",
  "icon": "intervals.png",
  "version":"0.01",
  "description": "Intervals for training. It is possible to configure work time and rest time and number of sets.",
  "tags": "",
  "storage": [
    {"name":"intervals.app.js","url":"intervals.app.js"},
    {"name":"intervals.img","url":"intervals-icon.js","evaluate":true}
  ]
},
{ "id": "planetarium",
  "name": "Planetarium",
  "shortName":"Planetarium",
  "icon": "planetarium.png",
  "readme": "README.md",
  "version":"0.03",
  "description": "Planetarium showing up to 500 stars using the watch location and time",
  "tags": "",
  "storage": [
    {"name":"planetarium.app.js","url":"planetarium.app.js"},
    {"name":"planetarium.data.csv","url":"planetarium.data.csv"},
    {"name":"planetarium.const.csv","url":"planetarium.const.csv"},
    {"name":"planetarium.extra.csv","url":"planetarium.extra.csv"},
    {"name":"planetarium.settings.js","url":"settings.js"},
    {"name":"planetarium.img","url":"planetarium-icon.js","evaluate":true}
  ],
  "data":[
    {"name":"planetarium.json"}
  ]
},
{ "id": "tapelauncher",
  "name": "Tape Launcher",
  "icon": "icon.png",
  "version":"0.02",
  "description": "An App launcher, icons displayed in a horizontal tape, swipe or use buttons",
  "readme": "README.md",
  "tags": "tool,system,launcher",
  "type":"launch",
  "storage": [
    {"name":"tapelauncher.app.js","url":"app.js"},
    {"name":"tapelauncher.img","url":"icon.js","evaluate":true}
  ]
},
{ "id": "oblique",
  "name": "Oblique Strategies",
  "icon": "eno.png",
  "version": "0.01",
  "description": "Oblique Strategies for creativity. Copied from Brian Eno.",
  "tags": "tool",
  "storage": [
    {"name":"oblique.app.js","url":"app.js"},
    {"name":"oblique.img","url":"app-icon.js","evaluate":true}
  ]
},
{ "id": "testuserinput",
  "name": "Test User Input",
  "shortName":"Test User Input",
  "icon": "app.png",
  "version":"0.05",
  "description": "Basic app to test the bangle.js input interface. It displays the user action in text, an  option round element or an on/off switch image for swipe movements.",
  "readme": "README.md",
  "tags": "input,interface,buttons,touch",
  "storage": [
    {"name":"testuserinput.app.js","url":"app.js"},
    {"name":"testuserinput.img","url":"app-icon.js","evaluate":true}
  ]
},
{ "id": "gpssetup",
  "name": "GPS Setup",
  "shortName":"GPS Setup",
  "icon": "gpssetup.png",
  "version":"0.02",
  "description": "Configure the GPS power options and store them in the GPS nvram",
  "tags": "gps, tools, outdoors",
  "readme": "README.md",
  "storage": [
    {"name":"gpssetup","url":"gpssetup.js"},
    {"name":"gpssetup.settings.js","url":"settings.js"},
    {"name":"gpssetup.settings.json","url":"settings.json"},
    {"name":"gpssetup.app.js","url":"app.js"},
    {"name":"gpssetup.img","url":"icon.js","evaluate":true}
  ]
},
{ "id": "walkersclock",
  "name": "Walkers Clock",
  "shortName":"Walkers Clock",
  "icon": "walkersclock48.png",
  "version":"0.03",
  "description": "A large font watch, displays steps, can switch GPS on/off, displays grid reference",
  "type":"clock",
  "tags": "clock, gps, tools, outdoors",
  "readme": "README.md",
  "storage": [
    {"name":"walkersclock.app.js","url":"app.js"},
    {"name":"walkersclock.img","url":"icon.js","evaluate":true}
  ]
},
{ "id": "widgps",
  "name": "GPS Widget",
  "icon": "widget.png",
  "version":"0.02",
  "description": "Tiny widget to show the power on/off status of the GPS. Require firmware v2.08.167 or later",
  "tags": "widget,gps",
  "type":"widget",
  "readme": "README.md",
  "storage": [
    {"name":"widgps.wid.js","url":"widget.js"}
  ]
},
{ "id": "widhrt",
  "name": "HRM Widget",
  "icon": "widget.png",
  "version":"0.02",
  "description": "Tiny widget to show the power on/off status of the Heart Rate Monitor. Requires firmware v2.08.167 or later",
  "tags": "widget, hrm",
  "type":"widget",
  "readme": "README.md",
  "storage": [
    {"name":"widhrt.wid.js","url":"widget.js"}
  ]
},
{ "id": "countdowntimer",
  "name" : "Countdown Timer",
  "icon": "countdowntimer.png",
  "version": "0.01",
  "description": "A simple countdown timer with a focus on usability",
  "tags": "timer, tool",
  "readme": "README.md",
  "storage": [
    {"name": "countdowntimer.app.js", "url": "countdowntimer.js"},
    {"name": "countdowntimer.img", "url": "countdowntimer-icon.js", "evaluate": true}
  ]
},
{ "id": "helloworld",
  "name": "hello, world!",
  "shortName":"hello world",
  "icon": "app.png",
  "version":"0.02",
  "description": "A cross cultural hello world!/hola mundo! app with colors and languages",
  "readme": "README.md",
  "tags": "input,interface,buttons,touch",
  "storage": [
    {"name":"helloworld.app.js","url":"app.js"},
    {"name":"helloworld.img","url":"app-icon.js","evaluate":true}
  ]
},
{ "id": "widcom",
  "name": "Compass Widget",
  "icon": "widget.png",
  "version":"0.01",
  "description": "Tiny widget to show the power on/off status of the Compass. Requires firmware v2.08.167 or later",
  "tags": "widget, compass",
  "type":"widget",
  "readme": "README.md",
  "storage": [
    {"name":"widcom.wid.js","url":"widget.js"}
  ]
},
{ "id": "arrow",
  "name": "Arrow Compass",
  "icon": "arrow.png",
  "type":"app",
  "version":"0.04",
  "description": "Moving arrow compass that points North, shows heading, with tilt correction. Based on jeffmer's Navigation Compass",
  "tags": "tool,outdoors",
  "readme": "README.md",
  "storage": [
    {"name":"arrow.app.js","url":"app.js"},
    {"name":"arrow.img","url":"icon.js","evaluate":true}
  ]
},
{ "id": "waypointer",
  "name": "Way Pointer",
  "icon": "waypointer.png",
  "version":"0.01",
  "description": "Navigate to a waypoint using the GPS for bearing and compass to point way, uses the same waypoint interface as GPS Navigation",
  "tags": "tool,outdoors,gps",
  "readme": "README.md",
  "interface":"waypoints.html",
  "storage": [
    {"name":"waypointer.app.js","url":"app.js"},
    {"name":"waypoints.json","url":"waypoints.json","evaluate":false},
    {"name":"waypointer.img","url":"icon.js","evaluate":true}
  ]
},
{ "id": "color_catalog",
  "name": "Colors Catalog",
  "shortName":"Colors Catalog",
  "icon": "app.png",
  "version":"0.01",
  "description": "Displays RGB565 and RGB888 colors, its name and code in screen.",
  "readme": "README.md",
  "tags": "Color, input,buttons,touch,UI",
  "storage": [
    {"name":"color_catalog.app.js","url":"app.js"},
    {"name":"color_catalog.img","url":"app-icon.js","evaluate":true}
  ]
},
{ "id": "UI4swatch",
  "name": "UI 4 swatch",
  "shortName":"UI 4 swatch",
  "icon": "app.png",
  "version":"0.01",
  "description": "A UI/UX for espruino smartwatches, displays dinamically calc. x,y coordinates.",
  "readme": "README.md",
  "tags": "Color, input,buttons,touch,UI",
  "storage": [
    {"name":"UI4swatch.app.js","url":"app.js"},
    {"name":"UI4swatch.img","url":"app-icon.js","evaluate":true}
  ]
},
{ "id": "simplest",
  "name": "Simplest Clock",
  "icon": "simplest.png",
  "version":"0.01",
  "description": "The simplest working clock, acts as a tutorial piece",
  "tags": "clock",
  "type":"clock",
  "readme": "README.md",
  "storage": [
    {"name":"simplest.app.js","url":"app.js"},
    {"name":"simplest.img","url":"icon.js","evaluate":true}
  ]
},
{ "id": "stepo",
  "name": "Stepometer Clock",
  "icon": "stepo.png",
  "version":"0.03",
  "description": "A large font watch, displays step count in a doughnut guage and warns of low battery",
  "tags": "clock",
  "type":"clock",
  "readme": "README.md",
  "storage": [
    {"name":"stepo.app.js","url":"app.js"},
    {"name":"stepo.img","url":"icon.js","evaluate":true}
  ]
},
{ "id": "gbmusic",
  "name": "Gadgetbridge Music Controls",
  "shortName":"Music Controls",
  "icon": "icon.png",
  "version":"0.01",
  "description": "Control the music on your Gadgetbridge-connected phone",
  "tags": "tools,bluetooth,gadgetbridge,music",
  "type":"app",
  "allow_emulator": false,
  "readme": "README.md",
  "storage": [
    {"name":"gbmusic.app.js","url":"app.js"},
    {"name":"gbmusic.settings.js","url":"settings.js"},
    {"name":"gbmusic.wid.js","url":"widget.js"},
    {"name":"gbmusic.img","url":"icon.js","evaluate":true}
  ],
  "data": [
    {"name":"gbmusic.json"},
    {"name":"gbmusic.load.json"}
  ]
},
{
  "id": "battleship",
  "name":"Battleship",
  "icon":"battleship-icon.png",
  "version": "0.01",
  "readme": "README.md",
  "description": "The classic game of battleship",
  "tags": "game",
  "allow_emulator": true,
  "storage": [
    {
      "name": "battleship.app.js",
      "url": "battleship.js"
    },
    {
      "name": "battleship.img",
      "url": "battleship-icon.js",
      "evaluate": true
    }
  ]
}
]
